brand_slug,brand_name,origem,total,verified_inci,catalog_only,kits,non_hair,pct_inci,termo_volume,termo_inci,status_geral,acao
o-boticario,O Boticário,nacional,1884,1139,745,34,1459,60.5,🟢 saudavel,🟡 media,🟡 ESTAVEL,Acompanhar
eudora,Eudora,nacional,1804,695,1109,3,938,38.5,🟢 saudavel,🟠 baixa,🟠 PRECISA ATENCAO,Parceria ou source-scrape p/ INCI
salon-line,Salon Line,nacional,792,771,21,145,25,97.3,🟢 saudavel,🟢 boa,🟢 SAUDAVEL,OK
griffus,Griffus,nacional,791,99,691,5,33,12.5,🟢 saudavel,🟠 baixa,🟠 PRECISA ATENCAO,Parceria ou source-scrape p/ INCI
amend,Amend,nacional,706,629,75,430,0,89.1,🟢 saudavel,🟢 boa,🟢 SAUDAVEL,OK
apice-cosmeticos,Apice Cosméticos,nacional,622,188,418,1,27,30.2,🟢 saudavel,🟠 baixa,🟠 PRECISA ATENCAO,Parceria ou source-scrape p/ INCI
new-old-man,New Old Man,nacional,528,173,345,9,57,32.8,🟢 saudavel,🟠 baixa,🟠 PRECISA ATENCAO,Parceria ou source-scrape p/ INCI
belliz-company,Belliz Company,nacional,499,5,494,0,94,1.0,🟢 saudavel,🔴 zerada,🔴 SEM INCI,PARCERIA p/ INCI (gap critico)
haskell,Haskell,nacional,482,132,350,43,9,27.4,🟢 saudavel,🟠 baixa,🟠 PRECISA ATENCAO,Parceria ou source-scrape p/ INCI
abelha-rainha,Abelha Rainha,nacional,436,0,436,0,187,0.0,🟢 saudavel,🔴 zerada,🔴 SEM INCI,PARCERIA p/ INCI (gap critico)
beleza-natural,Beleza Natural,nacional,410,207,168,17,1,50.5,🟢 saudavel,🟡 media,🟡 ESTAVEL,Acompanhar
left-cosmeticos,Left Cosméticos,nacional,390,283,107,14,30,72.6,🟢 saudavel,🟢 boa,🟢 SAUDAVEL,OK
fox-for-men,Fox For Men,nacional,390,0,390,0,15,0.0,🟢 saudavel,🔴 zerada,🔴 SEM INCI,PARCERIA p/ INCI (gap critico)
mondial,Mondial,outras,387,236,142,0,259,61.0,🟢 saudavel,🟡 media,🟡 ESTAVEL,Acompanhar
dyusar,Dyusar,nacional,372,32,340,0,5,8.6,🟢 saudavel,🔴 zerada,🔴 SEM INCI,PARCERIA p/ INCI (gap critico)
philco,Philco,nacional,372,0,358,0,154,0.0,🟢 saudavel,🔴 zerada,🔴 SEM INCI,PARCERIA p/ INCI (gap critico)
natura,Natura,nacional,370,243,127,0,179,65.7,🟢 saudavel,🟡 media,🟡 ESTAVEL,Acompanhar
flora-pura,Flora Pura,nacional,355,6,341,0,93,1.7,🟢 saudavel,🔴 zerada,🔴 SEM INCI,PARCERIA p/ INCI (gap critico)
b-o-b-bars,B.O.B. Bars,nacional,354,114,240,14,60,32.2,🟢 saudavel,🟠 baixa,🟠 PRECISA ATENCAO,Parceria ou source-scrape p/ INCI
karina,Karina,outras,354,56,298,0,156,15.8,🟢 saudavel,🟠 baixa,🟠 PRECISA ATENCAO,Parceria ou source-scrape p/ INCI
felps-professional,Felps Professional,nacional,353,222,123,6,3,62.9,🟢 saudavel,🟡 media,🟡 ESTAVEL,Acompanhar
alva,Alva,outras,341,135,206,7,135,39.6,🟢 saudavel,🟠 baixa,🟠 PRECISA ATENCAO,Parceria ou source-scrape p/ INCI
hidratei,Hidratei,nacional,341,121,220,30,14,35.5,🟢 saudavel,🟠 baixa,🟠 PRECISA ATENCAO,Parceria ou source-scrape p/ INCI
natuhair,NatuHair,nacional,333,218,115,0,5,65.5,🟢 saudavel,🟡 media,🟡 ESTAVEL,Acompanhar
widi-care,Widi Care,nacional,319,44,275,1,4,13.8,🟢 saudavel,🟠 baixa,🟠 PRECISA ATENCAO,Parceria ou source-scrape p/ INCI
vizet,Vizet,outras,315,104,210,3,16,33.0,🟢 saudavel,🟠 baixa,🟠 PRECISA ATENCAO,Parceria ou source-scrape p/ INCI
loccitane,L'Occitane au Brasil,internacional,307,9,282,0,143,2.9,🟢 saudavel,🔴 zerada,🔴 SEM INCI,PARCERIA p/ INCI (gap critico)
keragen,Keragen,nacional,286,249,35,6,2,87.1,🟢 saudavel,🟢 boa,🟢 SAUDAVEL,OK
de-benguela,De Benguela,nacional,286,0,286,0,0,0.0,🟢 saudavel,🔴 zerada,🔴 SEM INCI,PARCERIA p/ INCI (gap critico)
keune,Keune,internacional,284,254,30,48,28,89.4,🟢 saudavel,🟢 boa,🟢 SAUDAVEL,OK
joico,Joico,outras,281,168,104,0,0,59.8,🟢 saudavel,🟡 media,🟡 ESTAVEL,Acompanhar
london-cosmeticos,London Cosméticos,nacional,276,2,266,0,0,0.7,🟢 saudavel,🔴 zerada,🔴 SEM INCI,PARCERIA p/ INCI (gap critico)
kerastase,Kérastase,internacional,272,128,52,9,0,47.1,🟢 saudavel,🟡 media,🟡 ESTAVEL,Acompanhar
mahogany,Mahogany,outras,265,63,202,0,144,23.8,🟢 saudavel,🟠 baixa,🟠 PRECISA ATENCAO,Parceria ou source-scrape p/ INCI
spa-cosmetics,Spa Cosmetics,nacional,258,14,244,0,8,5.4,🟢 saudavel,🔴 zerada,🔴 SEM INCI,PARCERIA p/ INCI (gap critico)
facinatus-cosmeticos,Facinatus Cosméticos,nacional,245,40,205,0,78,16.3,🟢 saudavel,🟠 baixa,🟠 PRECISA ATENCAO,Parceria ou source-scrape p/ INCI
amahka-paris,Amahka Paris,outras,245,67,177,6,154,27.3,🟢 saudavel,🟠 baixa,🟠 PRECISA ATENCAO,Parceria ou source-scrape p/ INCI
red-iron,Red Iron,nacional,243,48,195,1,1,19.8,🟢 saudavel,🟠 baixa,🟠 PRECISA ATENCAO,Parceria ou source-scrape p/ INCI
kiria-hair-professional,Kiria Hair Professional,outras,241,44,190,0,0,18.3,🟢 saudavel,🟠 baixa,🟠 PRECISA ATENCAO,Parceria ou source-scrape p/ INCI
elseve,Elseve,nacional,228,5,223,0,2,2.2,🟢 saudavel,🔴 zerada,🔴 SEM INCI,PARCERIA p/ INCI (gap critico)
pokoloka,Pokoloka,outras,228,4,224,1,79,1.8,🟢 saudavel,🔴 zerada,🔴 SEM INCI,PARCERIA p/ INCI (gap critico)
brae,Braé,nacional,228,1,227,0,0,0.4,🟢 saudavel,🔴 zerada,🔴 SEM INCI,PARCERIA p/ INCI (gap critico)
treeliss-profissional,TreeLiss Profissional,outras,225,102,123,19,1,45.3,🟢 saudavel,🟡 media,🟡 ESTAVEL,Acompanhar
inoar,Inoar,nacional,218,202,16,1,1,92.7,🟢 saudavel,🟢 boa,🟢 SAUDAVEL,OK
acquarara,AcquaRara,outras,214,99,115,0,1,46.3,🟢 saudavel,🟡 media,🟡 ESTAVEL,Acompanhar
all-nature,All Nature,outras,214,159,55,11,1,74.3,🟢 saudavel,🟢 boa,🟢 SAUDAVEL,OK
soupleliss-professional,Soupleliss Professional,outras,210,78,132,11,4,37.1,🟢 saudavel,🟠 baixa,🟠 PRECISA ATENCAO,Parceria ou source-scrape p/ INCI
myphios-professional,Myphios Professional,outras,205,119,86,24,10,58.0,🟢 saudavel,🟡 media,🟡 ESTAVEL,Acompanhar
baume,Baume,nacional,202,42,160,0,44,20.8,🟢 saudavel,🟠 baixa,🟠 PRECISA ATENCAO,Parceria ou source-scrape p/ INCI
gota-dourada,Gota Dourada,nacional,199,6,193,0,2,3.0,🟢 saudavel,🔴 zerada,🔴 SEM INCI,PARCERIA p/ INCI (gap critico)
bio-extratus,Bio Extratus,nacional,197,0,197,0,4,0.0,🟢 saudavel,🔴 zerada,🔴 SEM INCI,PARCERIA p/ INCI (gap critico)
wbeauty-cosmeticos,WBeauty Cosméticos,nacional,196,0,192,0,0,0.0,🟢 saudavel,🔴 zerada,🔴 SEM INCI,PARCERIA p/ INCI (gap critico)
fattore,Fattore,outras,193,46,147,0,17,23.8,🟢 saudavel,🟠 baixa,🟠 PRECISA ATENCAO,Parceria ou source-scrape p/ INCI
forever-liss-professional,Forever Liss Professional,outras,190,138,52,15,8,72.6,🟢 saudavel,🟢 boa,🟢 SAUDAVEL,OK
arvensis-cosmeticos-naturais,Arvensis Cosméticos Naturais,nacional,189,5,149,2,0,2.6,🟢 saudavel,🔴 zerada,🔴 SEM INCI,PARCERIA p/ INCI (gap critico)
muriel,Muriel,nacional,177,5,117,0,0,2.8,🟢 saudavel,🔴 zerada,🔴 SEM INCI,PARCERIA p/ INCI (gap critico)
mahair-cosmetics,Mahair Cosmetics,nacional,171,16,145,3,2,9.4,🟢 saudavel,🔴 zerada,🔴 SEM INCI,PARCERIA p/ INCI (gap critico)
c-kamura,C.Kamura,outras,156,4,152,1,5,2.6,🟢 saudavel,🔴 zerada,🔴 SEM INCI,PARCERIA p/ INCI (gap critico)
knut,KNUT,outras,155,32,123,0,0,20.6,🟢 saudavel,🟠 baixa,🟠 PRECISA ATENCAO,Parceria ou source-scrape p/ INCI
capicilin,Capicilin,nacional,151,0,151,0,0,0.0,🟢 saudavel,🔴 zerada,🔴 SEM INCI,PARCERIA p/ INCI (gap critico)
alphahall-cosmetiques,Alphahall Cosmétiques,outras,151,140,11,0,15,92.7,🟢 saudavel,🟢 boa,🟢 SAUDAVEL,OK
paiolla-professional,Paiolla Professional,outras,149,100,44,0,6,67.1,🟢 saudavel,🟡 media,🟡 ESTAVEL,Acompanhar
professional-paris-cosmetics,Professional Paris Cosmetics,outras,149,0,145,0,0,0.0,🟢 saudavel,🔴 zerada,🔴 SEM INCI,PARCERIA p/ INCI (gap critico)
seda,Seda,nacional,146,104,41,0,1,71.2,🟢 saudavel,🟢 boa,🟢 SAUDAVEL,OK
lucy-s,Lucy's,outras,145,1,144,0,21,0.7,🟢 saudavel,🔴 zerada,🔴 SEM INCI,PARCERIA p/ INCI (gap critico)
adlux-cosmeticos,Adlux Cosméticos,outras,140,7,133,0,4,5.0,🟢 saudavel,🔴 zerada,🔴 SEM INCI,PARCERIA p/ INCI (gap critico)
essendy,Essendy,outras,132,101,31,5,2,76.5,🟢 saudavel,🟢 boa,🟢 SAUDAVEL,OK
lacan,Lacan,outras,124,107,17,1,0,86.3,🟢 saudavel,🟢 boa,🟢 SAUDAVEL,OK
barba-urbana,Barba Urbana,outras,119,79,40,8,28,66.4,🟢 saudavel,🟡 media,🟡 ESTAVEL,Acompanhar
aneethun,Aneethun,nacional,118,0,118,0,0,0.0,🟢 saudavel,🔴 zerada,🔴 SEM INCI,PARCERIA p/ INCI (gap critico)
dove,Dove,internacional,116,3,113,0,1,2.6,🟢 saudavel,🔴 zerada,🔴 SEM INCI,PARCERIA p/ INCI (gap critico)
tekmi-cosmeticos,Tekmi Cosméticos,outras,112,82,30,19,2,73.2,🟢 saudavel,🟢 boa,🟢 SAUDAVEL,OK
redken,Redken,internacional,112,28,79,0,2,25.0,🟢 saudavel,🟠 baixa,🟠 PRECISA ATENCAO,Parceria ou source-scrape p/ INCI
avatim,Avatim,outras,105,87,18,0,58,82.9,🟢 saudavel,🟢 boa,🟢 SAUDAVEL,OK
belletonn,Belletonn,outras,102,61,41,22,13,59.8,🟢 saudavel,🟡 media,🟡 ESTAVEL,Acompanhar
mega-bell,Mega Bell,outras,100,4,96,0,10,4.0,🟢 saudavel,🔴 zerada,🔴 SEM INCI,PARCERIA p/ INCI (gap critico)
acquaflora,Acquaflora,outras,100,1,99,0,7,1.0,🟢 saudavel,🔴 zerada,🔴 SEM INCI,PARCERIA p/ INCI (gap critico)
rigolim-hair-co,Rigolim Hair & Co,outras,97,19,72,0,4,19.6,🟡 atencao,🟠 baixa,🟠 PRECISA ATENCAO,Verificar atualizacao
ox-cosmeticos,OX Cosméticos,outras,94,43,51,1,0,45.7,🟡 atencao,🟡 media,🟠 PRECISA ATENCAO,Verificar atualizacao
live-aloe,Live Aloe,outras,92,52,36,4,22,56.5,🟡 atencao,🟡 media,🟠 PRECISA ATENCAO,Verificar atualizacao
blueken-professional,Blueken Professional,outras,91,68,23,7,0,74.7,🟡 atencao,🟢 boa,🟠 PRECISA ATENCAO,Verificar atualizacao
larree,L’arrëe,outras,86,86,0,0,0,100.0,🟡 atencao,🟢 boa,🟠 PRECISA ATENCAO,Verificar atualizacao
cosmobeauty,Cosmobeauty,outras,86,39,47,2,13,45.3,🟡 atencao,🟡 media,🟠 PRECISA ATENCAO,Verificar atualizacao
silone-hair,Silone Hair,outras,84,3,81,0,0,3.6,🟡 atencao,🔴 zerada,🔴 SEM INCI,Verificar atualizacao
1ka-hair,1Ka Hair,outras,83,1,82,0,5,1.2,🟡 atencao,🔴 zerada,🔴 SEM INCI,Verificar atualizacao
agilise-cosmeticos,Agilise Cosméticos,nacional,81,54,27,0,1,66.7,🟡 atencao,🟡 media,🟠 PRECISA ATENCAO,Verificar atualizacao
retro-cosmeticos,Retrô Cosméticos,outras,81,35,38,0,0,43.2,🟡 atencao,🟡 media,🟠 PRECISA ATENCAO,Verificar atualizacao
probelle,PROBELLE,outras,76,4,72,1,4,5.3,🟡 atencao,🔴 zerada,🔴 SEM INCI,Verificar atualizacao
mio-capelli,Mio Capelli,outras,75,29,46,0,21,38.7,🟡 atencao,🟠 baixa,🟠 PRECISA ATENCAO,Verificar atualizacao
batiste,Batiste,outras,75,4,71,0,10,5.3,🟡 atencao,🔴 zerada,🔴 SEM INCI,Verificar atualizacao
mestre-dos-cachos,Mestre dos Cachos,outras,73,9,64,2,1,12.3,🟡 atencao,🟠 baixa,🟠 PRECISA ATENCAO,Verificar atualizacao
ativare,Ativare,outras,71,34,37,0,1,47.9,🟡 atencao,🟡 media,🟠 PRECISA ATENCAO,Verificar atualizacao
abela-cosmetics,Abela Cosmetics,outras,71,48,23,10,0,67.6,🟡 atencao,🟡 media,🟠 PRECISA ATENCAO,Verificar atualizacao
k-bell,K-Bell,outras,71,0,71,0,0,0.0,🟡 atencao,🔴 zerada,🔴 SEM INCI,Verificar atualizacao
phytobelle,Phytobelle,outras,70,2,68,1,0,2.9,🟡 atencao,🔴 zerada,🔴 SEM INCI,Verificar atualizacao
lana-brasiles,Lana Brasiles,outras,67,2,65,0,1,3.0,🟡 atencao,🔴 zerada,🔴 SEM INCI,Verificar atualizacao
aramath-cosmeticos,Aramath Cosméticos,nacional,63,42,16,6,0,66.7,🟡 atencao,🟡 media,🟠 PRECISA ATENCAO,Verificar atualizacao
mustela,Mustela,outras,62,32,27,0,19,51.6,🟡 atencao,🟡 media,🟠 PRECISA ATENCAO,Verificar atualizacao
granado,Granado,outras,61,57,4,2,25,93.4,🟡 atencao,🟢 boa,🟠 PRECISA ATENCAO,Verificar atualizacao
pantene,Pantene,internacional,58,44,14,0,4,75.9,🟡 atencao,🟢 boa,🟠 PRECISA ATENCAO,Verificar atualizacao
amazonico-care,Amazônico Care,outras,58,15,43,0,0,25.9,🟡 atencao,🟠 baixa,🟠 PRECISA ATENCAO,Verificar atualizacao
b-hulmann,B. Hulmann,outras,52,16,36,0,2,30.8,🟡 atencao,🟠 baixa,🟠 PRECISA ATENCAO,Verificar atualizacao
soul-cosmeticos,Soul Cosméticos,outras,52,0,52,0,0,0.0,🟡 atencao,🔴 zerada,🔴 SEM INCI,Verificar atualizacao
mazavie-cosmetics,Mazavie Cosmetics,outras,50,0,50,0,0,0.0,🟡 atencao,🔴 zerada,🔴 SEM INCI,Verificar atualizacao
barba-de-respeito,Barba de Respeito,outras,46,0,46,0,0,0.0,🟡 atencao,🔴 zerada,🔴 SEM INCI,Verificar atualizacao
salunat,Salunat,outras,46,30,16,0,0,65.2,🟡 atencao,🟡 media,🟠 PRECISA ATENCAO,Verificar atualizacao
brscience-profissional,Brscience Profissional,outras,46,2,44,0,2,4.3,🟡 atencao,🔴 zerada,🔴 SEM INCI,Verificar atualizacao
laby,Laby,outras,45,3,42,2,5,6.7,🟡 atencao,🔴 zerada,🔴 SEM INCI,Verificar atualizacao
okyo,Okyo,outras,42,26,16,0,3,61.9,🟡 atencao,🟡 media,🟠 PRECISA ATENCAO,Verificar atualizacao
bemgloria,Bemgloria,outras,42,0,42,0,0,0.0,🟡 atencao,🔴 zerada,🔴 SEM INCI,Verificar atualizacao
dr-jack,Dr Jack,outras,41,0,35,0,5,0.0,🟡 atencao,🔴 zerada,🔴 SEM INCI,Verificar atualizacao
alpha-line,Alpha Line,outras,41,19,22,4,0,46.3,🟡 atencao,🟡 media,🟠 PRECISA ATENCAO,Verificar atualizacao
barba-robusta,Barba Robusta,outras,41,9,32,0,3,22.0,🟡 atencao,🟠 baixa,🟠 PRECISA ATENCAO,Verificar atualizacao
sense-brasil,Sense Brasil,outras,41,0,41,0,0,0.0,🟡 atencao,🔴 zerada,🔴 SEM INCI,Verificar atualizacao
balai,Balai,outras,40,20,19,0,1,50.0,🟡 atencao,🟡 media,🟠 PRECISA ATENCAO,Verificar atualizacao
malina-beauty,Malina Beauty,outras,36,35,1,3,11,97.2,🟡 atencao,🟢 boa,🟠 PRECISA ATENCAO,Verificar atualizacao
descomplica-curvas,Descomplica Curvas,outras,34,11,23,0,0,32.4,🟡 atencao,🟠 baixa,🟠 PRECISA ATENCAO,Verificar atualizacao
hiato-fitocosmeticos,Hiato Fitocosméticos,outras,33,7,26,0,2,21.2,🟡 atencao,🟠 baixa,🟠 PRECISA ATENCAO,Verificar atualizacao
kpriche-professional,Kpriche Professional,outras,33,11,22,4,0,33.3,🟡 atencao,🟠 baixa,🟠 PRECISA ATENCAO,Verificar atualizacao
menina-e-mulher-cosmeticos,Menina e Mulher Cosméticos,outras,33,17,13,0,17,51.5,🟡 atencao,🟡 media,🟠 PRECISA ATENCAO,Verificar atualizacao
nordic-smells,Nordic Smells,outras,33,2,31,0,2,6.1,🟡 atencao,🔴 zerada,🔴 SEM INCI,Verificar atualizacao
tresemme,TRESemmé,internacional,32,32,0,0,0,100.0,🟡 atencao,🟢 boa,🟠 PRECISA ATENCAO,Verificar atualizacao
beleza-ruiva,Beleza Ruiva,outras,32,25,7,3,3,78.1,🟡 atencao,🟢 boa,🟠 PRECISA ATENCAO,Verificar atualizacao
bendita-canfora,Bendita Cânfora,outras,32,0,32,0,0,0.0,🟡 atencao,🔴 zerada,🔴 SEM INCI,Verificar atualizacao
kah-noa,Kah-Noa,outras,27,9,18,0,1,33.3,🟡 atencao,🟠 baixa,🟠 PRECISA ATENCAO,Verificar atualizacao
barba-de-macho,Barba De Macho,outras,26,1,25,0,0,3.8,🟡 atencao,🔴 zerada,🔴 SEM INCI,Verificar atualizacao
wella,Wella,internacional,23,9,13,0,0,39.1,🟠 critico,🟠 baixa,🔴 CRITICO,RE-SCRAPE (catalogo encolhido)
imunehair,Imunehair,outras,21,21,0,5,0,100.0,🟠 critico,🟢 boa,🔴 CRITICO,RE-SCRAPE (catalogo encolhido)
veggue-profissional,Veggue Profissional,outras,21,8,13,0,0,38.1,🟠 critico,🟠 baixa,🔴 CRITICO,RE-SCRAPE (catalogo encolhido)
cia-da-barba,Cia da Barba,outras,21,1,20,0,0,4.8,🟠 critico,🔴 zerada,🔴 CRITICO,RE-SCRAPE (catalogo encolhido)
rainha-dos-cachos,Rainha dos Cachos,outras,18,8,10,1,0,44.4,🟠 critico,🟡 media,🔴 CRITICO,RE-SCRAPE (catalogo encolhido)
breany-liss,Breany Liss,outras,16,0,16,0,0,0.0,🟠 critico,🔴 zerada,🔴 CRITICO,RE-SCRAPE (catalogo encolhido)
aussie,Aussie,outras,16,12,4,0,0,75.0,🟠 critico,🟢 boa,🔴 CRITICO,RE-SCRAPE (catalogo encolhido)
fabulosa-lizz,Fabulosa Lizz,outras,13,2,11,1,0,15.4,🟠 critico,🟠 baixa,🔴 CRITICO,RE-SCRAPE (catalogo encolhido)
bio-instinto,Bio Instinto,outras,11,11,0,5,3,100.0,🟠 critico,🟢 boa,🔴 CRITICO,RE-SCRAPE (catalogo encolhido)
new-hair,New Hair,outras,11,6,5,2,5,54.5,🟠 critico,🟡 media,🔴 CRITICO,RE-SCRAPE (catalogo encolhido)
my-brush,My Brush,outras,9,4,5,1,0,44.4,🟠 critico,🟡 media,🔴 CRITICO,RE-SCRAPE (catalogo encolhido)
sos-frizz,Sos Frizz,outras,6,5,1,1,0,83.3,🟠 critico,🟢 boa,🔴 CRITICO,RE-SCRAPE (catalogo encolhido)
head-and-shoulders,Head and Shoulders,internacional,5,0,5,0,0,0.0,🟠 critico,🔴 zerada,🔴 CRITICO,RE-SCRAPE (catalogo encolhido)
oriente-life,Oriente Life,outras,5,0,0,0,0,0.0,🟠 critico,🔴 zerada,🔴 CRITICO,RE-SCRAPE (catalogo encolhido)
qod,QOD,outras,5,0,0,0,0,0.0,🟠 critico,🔴 zerada,🔴 CRITICO,RE-SCRAPE (catalogo encolhido)
med-for-you-professional,Med For You Professional,outras,5,0,0,0,0,0.0,🟠 critico,🔴 zerada,🔴 CRITICO,RE-SCRAPE (catalogo encolhido)
hair-extrattus,Hair Extrattus,outras,5,0,0,0,0,0.0,🟠 critico,🔴 zerada,🔴 CRITICO,RE-SCRAPE (catalogo encolhido)
lola-cosmetics,Lola Cosmetics,nacional,5,0,0,0,0,0.0,🟠 critico,🔴 zerada,🔴 CRITICO,RE-SCRAPE (catalogo encolhido)
azenka,Azenka,outras,5,0,0,0,0,0.0,🟠 critico,🔴 zerada,🔴 CRITICO,RE-SCRAPE (catalogo encolhido)
barrominas,BarroMinas,outras,4,1,3,0,0,25.0,🔴 vazio,⚪ N/A,🔴 VAZIA,RE-SCRAPE (marca ausente)
trevor-sorbie,Trevor Sorbie,outras,3,0,3,0,0,0.0,🔴 vazio,⚪ N/A,🔴 VAZIA,RE-SCRAPE (marca ausente)
grankera,Grankéra,outras,2,0,2,0,0,0.0,🔴 vazio,⚪ N/A,🔴 VAZIA,RE-SCRAPE (marca ausente)
strattus,Strattus,outras,2,0,2,0,0,0.0,🔴 vazio,⚪ N/A,🔴 VAZIA,RE-SCRAPE (marca ausente)
a-line,A-line,outras,2,0,0,0,0,0.0,🔴 vazio,⚪ N/A,🔴 VAZIA,RE-SCRAPE (marca ausente)
b-urb,B.URB,outras,1,0,1,0,0,0.0,🔴 vazio,⚪ N/A,🔴 VAZIA,RE-SCRAPE (marca ausente)
loccitane-us,L'Occitane (US),outras,1,0,1,0,0,0.0,🔴 vazio,⚪ N/A,🔴 VAZIA,RE-SCRAPE (marca ausente)
50-megumi,50 Megumi,outras,0,0,0,0,0,0.0,🔴 vazio,⚪ N/A,🔴 VAZIA,RE-SCRAPE (marca ausente)
acca-kappa,Acca Kappa,outras,0,0,0,0,0,0.0,🔴 vazio,⚪ N/A,🔴 VAZIA,RE-SCRAPE (marca ausente)
ache,Ache,outras,0,0,0,0,0,0.0,🔴 vazio,⚪ N/A,🔴 VAZIA,RE-SCRAPE (marca ausente)
aesop,Aesop,outras,0,0,0,0,0,0.0,🔴 vazio,⚪ N/A,🔴 VAZIA,RE-SCRAPE (marca ausente)
agadir-argan-oil,Agadir Argan Oil,outras,0,0,0,0,0,0.0,🔴 vazio,⚪ N/A,🔴 VAZIA,RE-SCRAPE (marca ausente)
ahava,Ahava,outras,0,0,0,0,0,0.0,🔴 vazio,⚪ N/A,🔴 VAZIA,RE-SCRAPE (marca ausente)
alfaparf,AlfaParf,internacional,0,0,0,0,0,0.0,🔴 vazio,⚪ N/A,🔴 VAZIA,RE-SCRAPE (marca ausente)
american-crew,American Crew,outras,0,0,0,0,0,0.0,🔴 vazio,⚪ N/A,🔴 VAZIA,RE-SCRAPE (marca ausente)
american-desire,American Desire,outras,0,0,0,0,0,0.0,🔴 vazio,⚪ N/A,🔴 VAZIA,RE-SCRAPE (marca ausente)
anuar-cosmeticos,Anuar Cosméticos,outras,0,0,0,0,0,0.0,🔴 vazio,⚪ N/A,🔴 VAZIA,RE-SCRAPE (marca ausente)
any-liss,Any Liss,outras,0,0,0,0,0,0.0,🔴 vazio,⚪ N/A,🔴 VAZIA,RE-SCRAPE (marca ausente)
apivita,Apivita,outras,0,0,0,0,0,0.0,🔴 vazio,⚪ N/A,🔴 VAZIA,RE-SCRAPE (marca ausente)
aromatherapy-associates,Aromatherapy Associates,outras,0,0,0,0,0,0.0,🔴 vazio,⚪ N/A,🔴 VAZIA,RE-SCRAPE (marca ausente)
aromia-cosmeticos,Aromia Cosméticos,outras,0,0,0,0,0,0.0,🔴 vazio,⚪ N/A,🔴 VAZIA,RE-SCRAPE (marca ausente)
ativo-natural,Ativo Natural,outras,0,0,0,0,0,0.0,🔴 vazio,⚪ N/A,🔴 VAZIA,RE-SCRAPE (marca ausente)
aveda,Aveda,internacional,0,0,0,0,0,0.0,🔴 vazio,⚪ N/A,🔴 VAZIA,RE-SCRAPE (marca ausente)
avlon,Avlon,nacional,0,0,0,0,0,0.0,🔴 vazio,⚪ N/A,🔴 VAZIA,RE-SCRAPE (marca ausente)
avon,Avon,outras,0,0,0,0,0,0.0,🔴 vazio,⚪ N/A,🔴 VAZIA,RE-SCRAPE (marca ausente)
barba-de-urso,Barba de Urso,outras,0,0,0,0,0,0.0,🔴 vazio,⚪ N/A,🔴 VAZIA,RE-SCRAPE (marca ausente)
baxter-of-california,Baxter of California,outras,0,0,0,0,0,0.0,🔴 vazio,⚪ N/A,🔴 VAZIA,RE-SCRAPE (marca ausente)
be-belle,Be Belle,outras,0,0,0,0,0,0.0,🔴 vazio,⚪ N/A,🔴 VAZIA,RE-SCRAPE (marca ausente)
beauty-secret,Beauty Secret,outras,0,0,0,0,0,0.0,🔴 vazio,⚪ N/A,🔴 VAZIA,RE-SCRAPE (marca ausente)
beauty-world,Beauty World,outras,0,0,0,0,0,0.0,🔴 vazio,⚪ N/A,🔴 VAZIA,RE-SCRAPE (marca ausente)
beautycolor,BeautyColor,outras,0,0,0,0,0,0.0,🔴 vazio,⚪ N/A,🔴 VAZIA,RE-SCRAPE (marca ausente)
bebe-natureza,Bebê Natureza,outras,0,0,0,0,0,0.0,🔴 vazio,⚪ N/A,🔴 VAZIA,RE-SCRAPE (marca ausente)
bedalm-pharma-do-brasil,Bedalm Pharma do Brasil,outras,0,0,0,0,0,0.0,🔴 vazio,⚪ N/A,🔴 VAZIA,RE-SCRAPE (marca ausente)
begonia-cosmeticos,Begônia Cosméticos,outras,0,0,0,0,0,0.0,🔴 vazio,⚪ N/A,🔴 VAZIA,RE-SCRAPE (marca ausente)
belcazzi-profissional,Belcazzi Profissional,outras,0,0,0,0,0,0.0,🔴 vazio,⚪ N/A,🔴 VAZIA,RE-SCRAPE (marca ausente)
beleza-express,Beleza Express,outras,0,0,0,0,0,0.0,🔴 vazio,⚪ N/A,🔴 VAZIA,RE-SCRAPE (marca ausente)
belkit,Belkit,outras,0,0,0,0,0,0.0,🔴 vazio,⚪ N/A,🔴 VAZIA,RE-SCRAPE (marca ausente)
belliz,Belliz,outras,0,0,0,0,0,0.0,🔴 vazio,⚪ N/A,🔴 VAZIA,RE-SCRAPE (marca ausente)
belofio-professional,Belofio Professional,outras,0,0,0,0,0,0.0,🔴 vazio,⚪ N/A,🔴 VAZIA,RE-SCRAPE (marca ausente)
beto-bita,Beto Bita,outras,0,0,0,0,0,0.0,🔴 vazio,⚪ N/A,🔴 VAZIA,RE-SCRAPE (marca ausente)
better-not-younger,Better Not Younger,outras,0,0,0,0,0,0.0,🔴 vazio,⚪ N/A,🔴 VAZIA,RE-SCRAPE (marca ausente)
beudose,Beudose,outras,0,0,0,0,0,0.0,🔴 vazio,⚪ N/A,🔴 VAZIA,RE-SCRAPE (marca ausente)
billy-jealousy,Billy Jealousy,outras,0,0,0,0,0,0.0,🔴 vazio,⚪ N/A,🔴 VAZIA,RE-SCRAPE (marca ausente)
biocale,Biocale,outras,0,0,0,0,0,0.0,🔴 vazio,⚪ N/A,🔴 VAZIA,RE-SCRAPE (marca ausente)
bioderma,Bioderma,outras,0,0,0,0,0,0.0,🔴 vazio,⚪ N/A,🔴 VAZIA,RE-SCRAPE (marca ausente)
biofios-profissional,Biofios Profissional,outras,0,0,0,0,0,0.0,🔴 vazio,⚪ N/A,🔴 VAZIA,RE-SCRAPE (marca ausente)
biosilk,BioSilk,outras,0,0,0,0,0,0.0,🔴 vazio,⚪ N/A,🔴 VAZIA,RE-SCRAPE (marca ausente)
biotipo-brazil,Biotipo Brazil,outras,0,0,0,0,0,0.0,🔴 vazio,⚪ N/A,🔴 VAZIA,RE-SCRAPE (marca ausente)
bjork-berries,Björk & Berries,outras,0,0,0,0,0,0.0,🔴 vazio,⚪ N/A,🔴 VAZIA,RE-SCRAPE (marca ausente)
black-beauty,Black Beauty,outras,0,0,0,0,0,0.0,🔴 vazio,⚪ N/A,🔴 VAZIA,RE-SCRAPE (marca ausente)
blu-magic,Blu Magic,outras,0,0,0,0,0,0.0,🔴 vazio,⚪ N/A,🔴 VAZIA,RE-SCRAPE (marca ausente)
boe-boe-cosmetics,BOE / Boé Cosmetics,outras,0,0,0,0,0,0.0,🔴 vazio,⚪ N/A,🔴 VAZIA,RE-SCRAPE (marca ausente)
bomba,Bomba,outras,0,0,0,0,0,0.0,🔴 vazio,⚪ N/A,🔴 VAZIA,RE-SCRAPE (marca ausente)
bondi-wash,BONDI WASH,outras,0,0,0,0,0,0.0,🔴 vazio,⚪ N/A,🔴 VAZIA,RE-SCRAPE (marca ausente)
bonita-por-natureza,Bonita por Natureza,outras,0,0,0,0,0,0.0,🔴 vazio,⚪ N/A,🔴 VAZIA,RE-SCRAPE (marca ausente)
borabella,Borabella,outras,0,0,0,0,0,0.0,🔴 vazio,⚪ N/A,🔴 VAZIA,RE-SCRAPE (marca ausente)
bosley,Bosley,outras,0,0,0,0,0,0.0,🔴 vazio,⚪ N/A,🔴 VAZIA,RE-SCRAPE (marca ausente)
bothanico-hair,Bothanico Hair,outras,0,0,0,0,0,0.0,🔴 vazio,⚪ N/A,🔴 VAZIA,RE-SCRAPE (marca ausente)
br-co,Br&Co,outras,0,0,0,0,0,0.0,🔴 vazio,⚪ N/A,🔴 VAZIA,RE-SCRAPE (marca ausente)
braliz,Braliz,outras,0,0,0,0,0,0.0,🔴 vazio,⚪ N/A,🔴 VAZIA,RE-SCRAPE (marca ausente)
bravet,Bravet,outras,0,0,0,0,0,0.0,🔴 vazio,⚪ N/A,🔴 VAZIA,RE-SCRAPE (marca ausente)
bravir,Bravir,outras,0,0,0,0,0,0.0,🔴 vazio,⚪ N/A,🔴 VAZIA,RE-SCRAPE (marca ausente)
bumble-and-bumble,Bumble and Bumble,outras,0,0,0,0,0,0.0,🔴 vazio,⚪ N/A,🔴 VAZIA,RE-SCRAPE (marca ausente)
butterfly,Butterfly,outras,0,0,0,0,0,0.0,🔴 vazio,⚪ N/A,🔴 VAZIA,RE-SCRAPE (marca ausente)
c-alma,C/ALMA,outras,0,0,0,0,0,0.0,🔴 vazio,⚪ N/A,🔴 VAZIA,RE-SCRAPE (marca ausente)
cadiveu-professional,Cadiveu Professional,nacional,0,0,0,0,0,0.0,🔴 vazio,⚪ N/A,🔴 VAZIA,RE-SCRAPE (marca ausente)
care-for-you,Care for You,outras,0,0,0,0,0,0.0,🔴 vazio,⚪ N/A,🔴 VAZIA,RE-SCRAPE (marca ausente)
carols-daughter,Carol’s Daughter,outras,0,0,0,0,0,0.0,🔴 vazio,⚪ N/A,🔴 VAZIA,RE-SCRAPE (marca ausente)
casa-da-india,Casa da Índia,outras,0,0,0,0,0,0.0,🔴 vazio,⚪ N/A,🔴 VAZIA,RE-SCRAPE (marca ausente)
cavalera,Cavalera,outras,0,0,0,0,0,0.0,🔴 vazio,⚪ N/A,🔴 VAZIA,RE-SCRAPE (marca ausente)
charmelle,Charmelle,outras,0,0,0,0,0,0.0,🔴 vazio,⚪ N/A,🔴 VAZIA,RE-SCRAPE (marca ausente)
charming,Charming,outras,0,0,0,0,0,0.0,🔴 vazio,⚪ N/A,🔴 VAZIA,RE-SCRAPE (marca ausente)
che-figo,Che Figo,nacional,0,0,0,0,0,0.0,🔴 vazio,⚪ N/A,🔴 VAZIA,RE-SCRAPE (marca ausente)
chi-farouk-systems,CHI (Farouk Systems),outras,0,0,0,0,0,0.0,🔴 vazio,⚪ N/A,🔴 VAZIA,RE-SCRAPE (marca ausente)
chons,Chons,outras,0,0,0,0,0,0.0,🔴 vazio,⚪ N/A,🔴 VAZIA,RE-SCRAPE (marca ausente)
christine-adans,Christine Adans,outras,0,0,0,0,0,0.0,🔴 vazio,⚪ N/A,🔴 VAZIA,RE-SCRAPE (marca ausente)
christophe-robin,Christophe Robin,internacional,0,0,0,0,0,0.0,🔴 vazio,⚪ N/A,🔴 VAZIA,RE-SCRAPE (marca ausente)
classe-a,Classe A,outras,0,0,0,0,0,0.0,🔴 vazio,⚪ N/A,🔴 VAZIA,RE-SCRAPE (marca ausente)
clear,Clear,outras,0,0,0,0,0,0.0,🔴 vazio,⚪ N/A,🔴 VAZIA,RE-SCRAPE (marca ausente)
cless,Cless,nacional,0,0,0,0,0,0.0,🔴 vazio,⚪ N/A,🔴 VAZIA,RE-SCRAPE (marca ausente)
clorofitum,Clorofitum,outras,0,0,0,0,0,0.0,🔴 vazio,⚪ N/A,🔴 VAZIA,RE-SCRAPE (marca ausente)
coiffer,Coiffer,outras,0,0,0,0,0,0.0,🔴 vazio,⚪ N/A,🔴 VAZIA,RE-SCRAPE (marca ausente)
colgate-palmolive,Colgate-Palmolive,outras,0,0,0,0,0,0.0,🔴 vazio,⚪ N/A,🔴 VAZIA,RE-SCRAPE (marca ausente)
color-affair,Color Affair,outras,0,0,0,0,0,0.0,🔴 vazio,⚪ N/A,🔴 VAZIA,RE-SCRAPE (marca ausente)
color-pro,Color Pro,outras,0,0,0,0,0,0.0,🔴 vazio,⚪ N/A,🔴 VAZIA,RE-SCRAPE (marca ausente)
color-wow,Color WOW,outras,0,0,0,0,0,0.0,🔴 vazio,⚪ N/A,🔴 VAZIA,RE-SCRAPE (marca ausente)
corpo-dourado,Corpo Dourado,outras,0,0,0,0,0,0.0,🔴 vazio,⚪ N/A,🔴 VAZIA,RE-SCRAPE (marca ausente)
cosmeceuta,Cosmeceuta,outras,0,0,0,0,0,0.0,🔴 vazio,⚪ N/A,🔴 VAZIA,RE-SCRAPE (marca ausente)
cosmedix,CosMedix,outras,0,0,0,0,0,0.0,🔴 vazio,⚪ N/A,🔴 VAZIA,RE-SCRAPE (marca ausente)
cris-dios-organics,Cris Dios Organics,outras,0,0,0,0,0,0.0,🔴 vazio,⚪ N/A,🔴 VAZIA,RE-SCRAPE (marca ausente)
crown-us-professional,Crown'us Professional,outras,0,0,0,0,0,0.0,🔴 vazio,⚪ N/A,🔴 VAZIA,RE-SCRAPE (marca ausente)
curly-care,Curly Care,outras,0,0,0,0,0,0.0,🔴 vazio,⚪ N/A,🔴 VAZIA,RE-SCRAPE (marca ausente)
daare,Daarê,outras,0,0,0,0,0,0.0,🔴 vazio,⚪ N/A,🔴 VAZIA,RE-SCRAPE (marca ausente)
dabelle-hair,DaBelle Hair,outras,0,0,0,0,0,0.0,🔴 vazio,⚪ N/A,🔴 VAZIA,RE-SCRAPE (marca ausente)
dacca-professional,Dacca Professional,outras,0,0,0,0,0,0.0,🔴 vazio,⚪ N/A,🔴 VAZIA,RE-SCRAPE (marca ausente)
dalsan-cosmeticos,Dalsan Cosméticos,outras,0,0,0,0,0,0.0,🔴 vazio,⚪ N/A,🔴 VAZIA,RE-SCRAPE (marca ausente)
dama-hair,Dama Hair,outras,0,0,0,0,0,0.0,🔴 vazio,⚪ N/A,🔴 VAZIA,RE-SCRAPE (marca ausente)
davines,Davines,internacional,0,0,0,0,0,0.0,🔴 vazio,⚪ N/A,🔴 VAZIA,RE-SCRAPE (marca ausente)
de-sirius,De Sirius,outras,0,0,0,0,0,0.0,🔴 vazio,⚪ N/A,🔴 VAZIA,RE-SCRAPE (marca ausente)
dermare,Dermare,outras,0,0,0,0,0,0.0,🔴 vazio,⚪ N/A,🔴 VAZIA,RE-SCRAPE (marca ausente)
design-me,Design.ME,outras,0,0,0,0,0,0.0,🔴 vazio,⚪ N/A,🔴 VAZIA,RE-SCRAPE (marca ausente)
detagold,Detagold,outras,0,0,0,0,0,0.0,🔴 vazio,⚪ N/A,🔴 VAZIA,RE-SCRAPE (marca ausente)
detra-hair-cosmetics,Detra Hair Cosmetics,outras,0,0,0,0,0,0.0,🔴 vazio,⚪ N/A,🔴 VAZIA,RE-SCRAPE (marca ausente)
devacurl,DevaCurl,outras,0,0,0,0,0,0.0,🔴 vazio,⚪ N/A,🔴 VAZIA,RE-SCRAPE (marca ausente)
dhonna,Dhonna,outras,0,0,0,0,0,0.0,🔴 vazio,⚪ N/A,🔴 VAZIA,RE-SCRAPE (marca ausente)
diamante-profissional,Diamante Profissional,outras,0,0,0,0,0,0.0,🔴 vazio,⚪ N/A,🔴 VAZIA,RE-SCRAPE (marca ausente)
dicolore,Dicolore,outras,0,0,0,0,0,0.0,🔴 vazio,⚪ N/A,🔴 VAZIA,RE-SCRAPE (marca ausente)
diego-dalla-palma-milano,Diego Dalla Palma Milano,outras,0,0,0,0,0,0.0,🔴 vazio,⚪ N/A,🔴 VAZIA,RE-SCRAPE (marca ausente)
diliza-professional,Diliza Professional,outras,0,0,0,0,0,0.0,🔴 vazio,⚪ N/A,🔴 VAZIA,RE-SCRAPE (marca ausente)
dimension,Dimension,outras,0,0,0,0,0,0.0,🔴 vazio,⚪ N/A,🔴 VAZIA,RE-SCRAPE (marca ausente)
divcom,Divcom,outras,0,0,0,0,0,0.0,🔴 vazio,⚪ N/A,🔴 VAZIA,RE-SCRAPE (marca ausente)
divine-meches,Divine Mèches,outras,0,0,0,0,0,0.0,🔴 vazio,⚪ N/A,🔴 VAZIA,RE-SCRAPE (marca ausente)
do-ha,DO.HA,outras,0,0,0,0,0,0.0,🔴 vazio,⚪ N/A,🔴 VAZIA,RE-SCRAPE (marca ausente)
dom-pelo,Dom Pelo,outras,0,0,0,0,0,0.0,🔴 vazio,⚪ N/A,🔴 VAZIA,RE-SCRAPE (marca ausente)
don-alcides,Don Alcides,outras,0,0,0,0,0,0.0,🔴 vazio,⚪ N/A,🔴 VAZIA,RE-SCRAPE (marca ausente)
doona,Doona,outras,0,0,0,0,0,0.0,🔴 vazio,⚪ N/A,🔴 VAZIA,RE-SCRAPE (marca ausente)
doono,Doono,outras,0,0,0,0,0,0.0,🔴 vazio,⚪ N/A,🔴 VAZIA,RE-SCRAPE (marca ausente)
dr-barbara-sturm,Dr. Barbara Sturm,outras,0,0,0,0,0,0.0,🔴 vazio,⚪ N/A,🔴 VAZIA,RE-SCRAPE (marca ausente)
dr-hauschka,Dr. Hauschka,outras,0,0,0,0,0,0.0,🔴 vazio,⚪ N/A,🔴 VAZIA,RE-SCRAPE (marca ausente)
dr-seed,Dr. Seed,outras,0,0,0,0,0,0.0,🔴 vazio,⚪ N/A,🔴 VAZIA,RE-SCRAPE (marca ausente)
dr-zero,Dr ZERO,outras,0,0,0,0,0,0.0,🔴 vazio,⚪ N/A,🔴 VAZIA,RE-SCRAPE (marca ausente)
ducray,Ducray,outras,0,0,0,0,0,0.0,🔴 vazio,⚪ N/A,🔴 VAZIA,RE-SCRAPE (marca ausente)
duetto-professional,Duetto Professional,outras,0,0,0,0,0,0.0,🔴 vazio,⚪ N/A,🔴 VAZIA,RE-SCRAPE (marca ausente)
eae-cosmeticos,Eaê Cosméticos,outras,0,0,0,0,0,0.0,🔴 vazio,⚪ N/A,🔴 VAZIA,RE-SCRAPE (marca ausente)
ecosix-professional,Ecosix Professional,outras,0,0,0,0,0,0.0,🔴 vazio,⚪ N/A,🔴 VAZIA,RE-SCRAPE (marca ausente)
ecosmetics,Ecosmetics,outras,0,0,0,0,0,0.0,🔴 vazio,⚪ N/A,🔴 VAZIA,RE-SCRAPE (marca ausente)
eico,Eico,outras,0,0,0,0,0,0.0,🔴 vazio,⚪ N/A,🔴 VAZIA,RE-SCRAPE (marca ausente)
eizz,EIZZ,outras,0,0,0,0,0,0.0,🔴 vazio,⚪ N/A,🔴 VAZIA,RE-SCRAPE (marca ausente)
ekilibre-amazonia,Ekilibre Amazônia,outras,0,0,0,0,0,0.0,🔴 vazio,⚪ N/A,🔴 VAZIA,RE-SCRAPE (marca ausente)
ekobe,Ekobé,outras,0,0,0,0,0,0.0,🔴 vazio,⚪ N/A,🔴 VAZIA,RE-SCRAPE (marca ausente)
eleven-australia,Eleven Australia,outras,0,0,0,0,0,0.0,🔴 vazio,⚪ N/A,🔴 VAZIA,RE-SCRAPE (marca ausente)
elfa-4men,Elfa 4men,outras,0,0,0,0,0,0.0,🔴 vazio,⚪ N/A,🔴 VAZIA,RE-SCRAPE (marca ausente)
eliana-mendes,Eliana Mendes,outras,0,0,0,0,0,0.0,🔴 vazio,⚪ N/A,🔴 VAZIA,RE-SCRAPE (marca ausente)
elisafer,Elisafer,outras,0,0,0,0,0,0.0,🔴 vazio,⚪ N/A,🔴 VAZIA,RE-SCRAPE (marca ausente)
ellips,Ellips,outras,0,0,0,0,0,0.0,🔴 vazio,⚪ N/A,🔴 VAZIA,RE-SCRAPE (marca ausente)
elvis-elvin,Elvis + Elvin,outras,0,0,0,0,0,0.0,🔴 vazio,⚪ N/A,🔴 VAZIA,RE-SCRAPE (marca ausente)
emah-hair-care,Emáh Hair Care,outras,0,0,0,0,0,0.0,🔴 vazio,⚪ N/A,🔴 VAZIA,RE-SCRAPE (marca ausente)
embaixador,Embaixador,outras,0,0,0,0,0,0.0,🔴 vazio,⚪ N/A,🔴 VAZIA,RE-SCRAPE (marca ausente)
enzz-cosmetics,Enzz Cosmetics,outras,0,0,0,0,0,0.0,🔴 vazio,⚪ N/A,🔴 VAZIA,RE-SCRAPE (marca ausente)
eri-haircare,Eri Haircare,outras,0,0,0,0,0,0.0,🔴 vazio,⚪ N/A,🔴 VAZIA,RE-SCRAPE (marca ausente)
erven-cosmetics,Erven Cosmetics,outras,0,0,0,0,0,0.0,🔴 vazio,⚪ N/A,🔴 VAZIA,RE-SCRAPE (marca ausente)
ervik,Ervik,outras,0,0,0,0,0,0.0,🔴 vazio,⚪ N/A,🔴 VAZIA,RE-SCRAPE (marca ausente)
escovas-evas,Escovas Evas,outras,0,0,0,0,0,0.0,🔴 vazio,⚪ N/A,🔴 VAZIA,RE-SCRAPE (marca ausente)
essencialmente-bela,Essencialmente Bela,outras,0,0,0,0,0,0.0,🔴 vazio,⚪ N/A,🔴 VAZIA,RE-SCRAPE (marca ausente)
essencials-profissional,Essencials Profissional,outras,0,0,0,0,0,0.0,🔴 vazio,⚪ N/A,🔴 VAZIA,RE-SCRAPE (marca ausente)
estoril-cosmeticos,Estoril Cosméticos,outras,0,0,0,0,0,0.0,🔴 vazio,⚪ N/A,🔴 VAZIA,RE-SCRAPE (marca ausente)
everlong,Everlong,outras,0,0,0,0,0,0.0,🔴 vazio,⚪ N/A,🔴 VAZIA,RE-SCRAPE (marca ausente)
evo,Evo,outras,0,0,0,0,0,0.0,🔴 vazio,⚪ N/A,🔴 VAZIA,RE-SCRAPE (marca ausente)
exo-hair,Exo Hair,outras,0,0,0,0,0,0.0,🔴 vazio,⚪ N/A,🔴 VAZIA,RE-SCRAPE (marca ausente)
expresso-mata-atlantica,Expresso Mata Atlântica,outras,0,0,0,0,0,0.0,🔴 vazio,⚪ N/A,🔴 VAZIA,RE-SCRAPE (marca ausente)
f-men-cosmetics,F-Men Cosmetics,outras,0,0,0,0,0,0.0,🔴 vazio,⚪ N/A,🔴 VAZIA,RE-SCRAPE (marca ausente)
fanola,Fanola,outras,0,0,0,0,0,0.0,🔴 vazio,⚪ N/A,🔴 VAZIA,RE-SCRAPE (marca ausente)
farmaervas,Farmaervas,outras,0,0,0,0,0,0.0,🔴 vazio,⚪ N/A,🔴 VAZIA,RE-SCRAPE (marca ausente)
fashion-gold,Fashion Gold,outras,0,0,0,0,0,0.0,🔴 vazio,⚪ N/A,🔴 VAZIA,RE-SCRAPE (marca ausente)
fast-escova,Fast Escova,outras,0,0,0,0,0,0.0,🔴 vazio,⚪ N/A,🔴 VAZIA,RE-SCRAPE (marca ausente)
fatboy,Fatboy,outras,0,0,0,0,0,0.0,🔴 vazio,⚪ N/A,🔴 VAZIA,RE-SCRAPE (marca ausente)
feito-pra-voce,Feito pra Você,outras,0,0,0,0,0,0.0,🔴 vazio,⚪ N/A,🔴 VAZIA,RE-SCRAPE (marca ausente)
felithi-pro,Felithi Pro,outras,0,0,0,0,0,0.0,🔴 vazio,⚪ N/A,🔴 VAZIA,RE-SCRAPE (marca ausente)
fgz-professional,FGZ Professional,outras,0,0,0,0,0,0.0,🔴 vazio,⚪ N/A,🔴 VAZIA,RE-SCRAPE (marca ausente)
fit-cosmetics,Fit Cosmetics,outras,0,0,0,0,0,0.0,🔴 vazio,⚪ N/A,🔴 VAZIA,RE-SCRAPE (marca ausente)
flama,Flama,outras,0,0,0,0,0,0.0,🔴 vazio,⚪ N/A,🔴 VAZIA,RE-SCRAPE (marca ausente)
floland,Floland,outras,0,0,0,0,0,0.0,🔴 vazio,⚪ N/A,🔴 VAZIA,RE-SCRAPE (marca ausente)
folha-nativa-cosmeticos,Folha Nativa Cosméticos,outras,0,0,0,0,0,0.0,🔴 vazio,⚪ N/A,🔴 VAZIA,RE-SCRAPE (marca ausente)
for-beauty,For Beauty,outras,0,0,0,0,0,0.0,🔴 vazio,⚪ N/A,🔴 VAZIA,RE-SCRAPE (marca ausente)
force-de-frizz,Force de Frizz,outras,0,0,0,0,0,0.0,🔴 vazio,⚪ N/A,🔴 VAZIA,RE-SCRAPE (marca ausente)
formalisa,Formalisa,outras,0,0,0,0,0,0.0,🔴 vazio,⚪ N/A,🔴 VAZIA,RE-SCRAPE (marca ausente)
fox-professional,Fox Professional,nacional,0,0,0,0,0,0.0,🔴 vazio,⚪ N/A,🔴 VAZIA,RE-SCRAPE (marca ausente)
fudge,Fudge,outras,0,0,0,0,0,0.0,🔴 vazio,⚪ N/A,🔴 VAZIA,RE-SCRAPE (marca ausente)
fusion,Fusion,outras,0,0,0,0,0,0.0,🔴 vazio,⚪ N/A,🔴 VAZIA,RE-SCRAPE (marca ausente)
g-hair,G.Hair,outras,0,0,0,0,0,0.0,🔴 vazio,⚪ N/A,🔴 VAZIA,RE-SCRAPE (marca ausente)
garnier,Garnier,internacional,0,0,0,0,0,0.0,🔴 vazio,⚪ N/A,🔴 VAZIA,RE-SCRAPE (marca ausente)
ghd,GHD,outras,0,0,0,0,0,0.0,🔴 vazio,⚪ N/A,🔴 VAZIA,RE-SCRAPE (marca ausente)
gigita,Gigita,outras,0,0,0,0,0,0.0,🔴 vazio,⚪ N/A,🔴 VAZIA,RE-SCRAPE (marca ausente)
girass,Girass,nacional,0,0,0,0,0,0.0,🔴 vazio,⚪ N/A,🔴 VAZIA,RE-SCRAPE (marca ausente)
glatten-professional,Glatten Professional,outras,0,0,0,0,0,0.0,🔴 vazio,⚪ N/A,🔴 VAZIA,RE-SCRAPE (marca ausente)
go,GO.,outras,0,0,0,0,0,0.0,🔴 vazio,⚪ N/A,🔴 VAZIA,RE-SCRAPE (marca ausente)
goldwell,Goldwell,internacional,0,0,0,0,0,0.0,🔴 vazio,⚪ N/A,🔴 VAZIA,RE-SCRAPE (marca ausente)
gotas-verdes,Gotas Verdes,outras,0,0,0,0,0,0.0,🔴 vazio,⚪ N/A,🔴 VAZIA,RE-SCRAPE (marca ausente)
grandha,Grandha,outras,0,0,0,0,0,0.0,🔴 vazio,⚪ N/A,🔴 VAZIA,RE-SCRAPE (marca ausente)
grecin,Grecin,outras,0,0,0,0,0,0.0,🔴 vazio,⚪ N/A,🔴 VAZIA,RE-SCRAPE (marca ausente)
grown-alchemist,Grown Alchemist,outras,0,0,0,0,0,0.0,🔴 vazio,⚪ N/A,🔴 VAZIA,RE-SCRAPE (marca ausente)
guerlain,Guerlain,outras,0,0,0,0,0,0.0,🔴 vazio,⚪ N/A,🔴 VAZIA,RE-SCRAPE (marca ausente)
habito-cosmeticos,Hábito Cosméticos,outras,0,0,0,0,0,0.0,🔴 vazio,⚪ N/A,🔴 VAZIA,RE-SCRAPE (marca ausente)
haissa-profissional,Haissa Profissional,outras,0,0,0,0,0,0.0,🔴 vazio,⚪ N/A,🔴 VAZIA,RE-SCRAPE (marca ausente)
hamarys-cosmetic,Hamarys Cosmetic,outras,0,0,0,0,0,0.0,🔴 vazio,⚪ N/A,🔴 VAZIA,RE-SCRAPE (marca ausente)
hanna-professional,Hanna Professional,outras,0,0,0,0,0,0.0,🔴 vazio,⚪ N/A,🔴 VAZIA,RE-SCRAPE (marca ausente)
hanova,Hanova,outras,0,0,0,0,0,0.0,🔴 vazio,⚪ N/A,🔴 VAZIA,RE-SCRAPE (marca ausente)
hbeauty-professional,HBeauty Professional,outras,0,0,0,0,0,0.0,🔴 vazio,⚪ N/A,🔴 VAZIA,RE-SCRAPE (marca ausente)
hboni,Hboni,outras,0,0,0,0,0,0.0,🔴 vazio,⚪ N/A,🔴 VAZIA,RE-SCRAPE (marca ausente)
head-shoulders,Head & Shoulders,outras,0,0,0,0,0,0.0,🔴 vazio,⚪ N/A,🔴 VAZIA,RE-SCRAPE (marca ausente)
herbal-essences,Herbal Essences,internacional,0,0,0,0,0,0.0,🔴 vazio,⚪ N/A,🔴 VAZIA,RE-SCRAPE (marca ausente)
hi-hair-care,Hi Hair Care,outras,0,0,0,0,0,0.0,🔴 vazio,⚪ N/A,🔴 VAZIA,RE-SCRAPE (marca ausente)
hidralise,Hidralise,outras,0,0,0,0,0,0.0,🔴 vazio,⚪ N/A,🔴 VAZIA,RE-SCRAPE (marca ausente)
hidraliso,Hidraliso,outras,0,0,0,0,0,0.0,🔴 vazio,⚪ N/A,🔴 VAZIA,RE-SCRAPE (marca ausente)
hiritu,Hiritu,outras,0,0,0,0,0,0.0,🔴 vazio,⚪ N/A,🔴 VAZIA,RE-SCRAPE (marca ausente)
hobety-profissional,Hobety Profissional,outras,0,0,0,0,0,0.0,🔴 vazio,⚪ N/A,🔴 VAZIA,RE-SCRAPE (marca ausente)
hoka-professional,Hoka Professional,outras,0,0,0,0,0,0.0,🔴 vazio,⚪ N/A,🔴 VAZIA,RE-SCRAPE (marca ausente)
homme-marine,Homme Marine,outras,0,0,0,0,0,0.0,🔴 vazio,⚪ N/A,🔴 VAZIA,RE-SCRAPE (marca ausente)
huggies,Huggies,outras,0,0,0,0,0,0.0,🔴 vazio,⚪ N/A,🔴 VAZIA,RE-SCRAPE (marca ausente)
human,Human,outras,0,0,0,0,0,0.0,🔴 vazio,⚪ N/A,🔴 VAZIA,RE-SCRAPE (marca ausente)
igk,IGK,outras,0,0,0,0,0,0.0,🔴 vazio,⚪ N/A,🔴 VAZIA,RE-SCRAPE (marca ausente)
ilike-professional,iLike Professional,outras,0,0,0,0,0,0.0,🔴 vazio,⚪ N/A,🔴 VAZIA,RE-SCRAPE (marca ausente)
imabelle,Imabelle,outras,0,0,0,0,0,0.0,🔴 vazio,⚪ N/A,🔴 VAZIA,RE-SCRAPE (marca ausente)
imagination,Imagination,outras,0,0,0,0,0,0.0,🔴 vazio,⚪ N/A,🔴 VAZIA,RE-SCRAPE (marca ausente)
imecap,Imecap,outras,0,0,0,0,0,0.0,🔴 vazio,⚪ N/A,🔴 VAZIA,RE-SCRAPE (marca ausente)
in-voga,In Voga,outras,0,0,0,0,0,0.0,🔴 vazio,⚪ N/A,🔴 VAZIA,RE-SCRAPE (marca ausente)
inblue-professional,InBlue Professional,outras,0,0,0,0,0,0.0,🔴 vazio,⚪ N/A,🔴 VAZIA,RE-SCRAPE (marca ausente)
instinto-natural,Instinto Natural,outras,0,0,0,0,0,0.0,🔴 vazio,⚪ N/A,🔴 VAZIA,RE-SCRAPE (marca ausente)
iorus-professional,Iórus Professional,outras,0,0,0,0,0,0.0,🔴 vazio,⚪ N/A,🔴 VAZIA,RE-SCRAPE (marca ausente)
issue-professional,Issue Professional,outras,0,0,0,0,0,0.0,🔴 vazio,⚪ N/A,🔴 VAZIA,RE-SCRAPE (marca ausente)
itallian-hairtech,Itallian Hairtech,outras,0,0,0,0,0,0.0,🔴 vazio,⚪ N/A,🔴 VAZIA,RE-SCRAPE (marca ausente)
itely-hairfashion,Itely Hairfashion,outras,0,0,0,0,0,0.0,🔴 vazio,⚪ N/A,🔴 VAZIA,RE-SCRAPE (marca ausente)
iti-hair-profissional,Iti Hair Profissional,outras,0,0,0,0,0,0.0,🔴 vazio,⚪ N/A,🔴 VAZIA,RE-SCRAPE (marca ausente)
its-a-10,It’s A 10,outras,0,0,0,0,0,0.0,🔴 vazio,⚪ N/A,🔴 VAZIA,RE-SCRAPE (marca ausente)
ix1975,IX1975,outras,0,0,0,0,0,0.0,🔴 vazio,⚪ N/A,🔴 VAZIA,RE-SCRAPE (marca ausente)
j-beverly-hills,J Beverly Hills,outras,0,0,0,0,0,0.0,🔴 vazio,⚪ N/A,🔴 VAZIA,RE-SCRAPE (marca ausente)
jacques-janine-professionnel,Jacques Janine Professionnel,outras,0,0,0,0,0,0.0,🔴 vazio,⚪ N/A,🔴 VAZIA,RE-SCRAPE (marca ausente)
japinha-cosmeticos,Japinha Cosméticos,outras,0,0,0,0,0,0.0,🔴 vazio,⚪ N/A,🔴 VAZIA,RE-SCRAPE (marca ausente)
john-frieda,John Frieda,outras,0,0,0,0,0,0.0,🔴 vazio,⚪ N/A,🔴 VAZIA,RE-SCRAPE (marca ausente)
john-masters-organics,John Masters Organics,outras,0,0,0,0,0,0.0,🔴 vazio,⚪ N/A,🔴 VAZIA,RE-SCRAPE (marca ausente)
johnsons-baby,Johnsons Baby,outras,0,0,0,0,0,0.0,🔴 vazio,⚪ N/A,🔴 VAZIA,RE-SCRAPE (marca ausente)
jyothi-cosmeticos,Jyothi Cosméticos,outras,0,0,0,0,0,0.0,🔴 vazio,⚪ N/A,🔴 VAZIA,RE-SCRAPE (marca ausente)
k-pro,K.Pro,outras,0,0,0,0,0,0.0,🔴 vazio,⚪ N/A,🔴 VAZIA,RE-SCRAPE (marca ausente)
k18,K18,outras,0,0,0,0,0,0.0,🔴 vazio,⚪ N/A,🔴 VAZIA,RE-SCRAPE (marca ausente)
kadma-kweeze,Kadma Kweeze,outras,0,0,0,0,0,0.0,🔴 vazio,⚪ N/A,🔴 VAZIA,RE-SCRAPE (marca ausente)
kali-cosmetics,Kali Cosmetics,outras,0,0,0,0,0,0.0,🔴 vazio,⚪ N/A,🔴 VAZIA,RE-SCRAPE (marca ausente)
kamaleao-color,Kamaleão Color,nacional,0,0,0,0,0,0.0,🔴 vazio,⚪ N/A,🔴 VAZIA,RE-SCRAPE (marca ausente)
kelma,Kelma,outras,0,0,0,0,0,0.0,🔴 vazio,⚪ N/A,🔴 VAZIA,RE-SCRAPE (marca ausente)
kelse-pro-skin,Kelse Pro Skin,outras,0,0,0,0,0,0.0,🔴 vazio,⚪ N/A,🔴 VAZIA,RE-SCRAPE (marca ausente)
keranique,Keranique,outras,0,0,0,0,0,0.0,🔴 vazio,⚪ N/A,🔴 VAZIA,RE-SCRAPE (marca ausente)
keratherapy,Keratherapy,nacional,0,0,0,0,0,0.0,🔴 vazio,⚪ N/A,🔴 VAZIA,RE-SCRAPE (marca ausente)
keratin-complex,Keratin Complex,outras,0,0,0,0,0,0.0,🔴 vazio,⚪ N/A,🔴 VAZIA,RE-SCRAPE (marca ausente)
keraton,Keraton,outras,0,0,0,0,0,0.0,🔴 vazio,⚪ N/A,🔴 VAZIA,RE-SCRAPE (marca ausente)
kevin-murphy,Kevin.Murphy,outras,0,0,0,0,0,0.0,🔴 vazio,⚪ N/A,🔴 VAZIA,RE-SCRAPE (marca ausente)
khalili-for-woman,Khalili For Woman,outras,0,0,0,0,0,0.0,🔴 vazio,⚪ N/A,🔴 VAZIA,RE-SCRAPE (marca ausente)
kiehls,Kiehl’s,outras,0,0,0,0,0,0.0,🔴 vazio,⚪ N/A,🔴 VAZIA,RE-SCRAPE (marca ausente)
kimberly-clark-huggies,Kimberly-Clark (Huggies),outras,0,0,0,0,0,0.0,🔴 vazio,⚪ N/A,🔴 VAZIA,RE-SCRAPE (marca ausente)
kiron-cosmeticos,Kiron Cosméticos,outras,0,0,0,0,0,0.0,🔴 vazio,⚪ N/A,🔴 VAZIA,RE-SCRAPE (marca ausente)
klorane,Klorane,outras,0,0,0,0,0,0.0,🔴 vazio,⚪ N/A,🔴 VAZIA,RE-SCRAPE (marca ausente)
kms-california,KMS California,outras,0,0,0,0,0,0.0,🔴 vazio,⚪ N/A,🔴 VAZIA,RE-SCRAPE (marca ausente)
kostume,Kostume,outras,0,0,0,0,0,0.0,🔴 vazio,⚪ N/A,🔴 VAZIA,RE-SCRAPE (marca ausente)
l-a,L&A,outras,0,0,0,0,0,0.0,🔴 vazio,⚪ N/A,🔴 VAZIA,RE-SCRAPE (marca ausente)
l-occitane-au-bresil,L'Occitane au Brésil,outras,0,0,0,0,0,0.0,🔴 vazio,⚪ N/A,🔴 VAZIA,RE-SCRAPE (marca ausente)
l-occitane-en-provance,L'Occitane en Provance,outras,0,0,0,0,0,0.0,🔴 vazio,⚪ N/A,🔴 VAZIA,RE-SCRAPE (marca ausente)
l-ovenze-professional,L'ovenze Professional,outras,0,0,0,0,0,0.0,🔴 vazio,⚪ N/A,🔴 VAZIA,RE-SCRAPE (marca ausente)
la-cosmeticos,La Cosmeticos,outras,0,0,0,0,0,0.0,🔴 vazio,⚪ N/A,🔴 VAZIA,RE-SCRAPE (marca ausente)
la-malagueta-cosmeticos,La Malagueta Cosméticos,outras,0,0,0,0,0,0.0,🔴 vazio,⚪ N/A,🔴 VAZIA,RE-SCRAPE (marca ausente)
la-roche-posay,La Roche-Posay,outras,0,0,0,0,0,0.0,🔴 vazio,⚪ N/A,🔴 VAZIA,RE-SCRAPE (marca ausente)
lagares-profissional,Lagares Profissional,outras,0,0,0,0,0,0.0,🔴 vazio,⚪ N/A,🔴 VAZIA,RE-SCRAPE (marca ausente)
lakkoa,Lakkoa,outras,0,0,0,0,0,0.0,🔴 vazio,⚪ N/A,🔴 VAZIA,RE-SCRAPE (marca ausente)
lamine,La’Mine,outras,0,0,0,0,0,0.0,🔴 vazio,⚪ N/A,🔴 VAZIA,RE-SCRAPE (marca ausente)
lanza,Lanza,outras,0,0,0,0,0,0.0,🔴 vazio,⚪ N/A,🔴 VAZIA,RE-SCRAPE (marca ausente)
lavera,Lavera,outras,0,0,0,0,0,0.0,🔴 vazio,⚪ N/A,🔴 VAZIA,RE-SCRAPE (marca ausente)
layrite,Layrite,outras,0,0,0,0,0,0.0,🔴 vazio,⚪ N/A,🔴 VAZIA,RE-SCRAPE (marca ausente)
lcs-hair-care,LCS Hair Care,outras,0,0,0,0,0,0.0,🔴 vazio,⚪ N/A,🔴 VAZIA,RE-SCRAPE (marca ausente)
le-charme-s-cosmeticos,Lé Charme's Cosméticos,outras,0,0,0,0,0,0.0,🔴 vazio,⚪ N/A,🔴 VAZIA,RE-SCRAPE (marca ausente)
le-clique,Le Cliqué,outras,0,0,0,0,0,0.0,🔴 vazio,⚪ N/A,🔴 VAZIA,RE-SCRAPE (marca ausente)
le-labo,Le Labo,outras,0,0,0,0,0,0.0,🔴 vazio,⚪ N/A,🔴 VAZIA,RE-SCRAPE (marca ausente)
le-pro-cosmetics,Le Prö Cosmetics,outras,0,0,0,0,0,0.0,🔴 vazio,⚪ N/A,🔴 VAZIA,RE-SCRAPE (marca ausente)
leader-cam,Leader Cam,outras,0,0,0,0,0,0.0,🔴 vazio,⚪ N/A,🔴 VAZIA,RE-SCRAPE (marca ausente)
leel-s,Leel's,outras,0,0,0,0,0,0.0,🔴 vazio,⚪ N/A,🔴 VAZIA,RE-SCRAPE (marca ausente)
leonor-greyl,Leonor Greyl,outras,0,0,0,0,0,0.0,🔴 vazio,⚪ N/A,🔴 VAZIA,RE-SCRAPE (marca ausente)
lg-terapia-capilar,LG Terapia Capilar,outras,0,0,0,0,0,0.0,🔴 vazio,⚪ N/A,🔴 VAZIA,RE-SCRAPE (marca ausente)
light-hair-professional,Light Hair Professional,outras,0,0,0,0,0,0.0,🔴 vazio,⚪ N/A,🔴 VAZIA,RE-SCRAPE (marca ausente)
limme-cosmeticos,Limmê Cosméticos,outras,0,0,0,0,0,0.0,🔴 vazio,⚪ N/A,🔴 VAZIA,RE-SCRAPE (marca ausente)
lion,Lion,outras,0,0,0,0,0,0.0,🔴 vazio,⚪ N/A,🔴 VAZIA,RE-SCRAPE (marca ausente)
liso-de-dalia,Liso de Dália,outras,0,0,0,0,0,0.0,🔴 vazio,⚪ N/A,🔴 VAZIA,RE-SCRAPE (marca ausente)
living-proof,Living Proof,internacional,0,0,0,0,0,0.0,🔴 vazio,⚪ N/A,🔴 VAZIA,RE-SCRAPE (marca ausente)
lizz-professional,Lizz Professional,outras,0,0,0,0,0,0.0,🔴 vazio,⚪ N/A,🔴 VAZIA,RE-SCRAPE (marca ausente)
lof-professional,LOF Professional,outras,0,0,0,0,0,0.0,🔴 vazio,⚪ N/A,🔴 VAZIA,RE-SCRAPE (marca ausente)
lokenzzi,Lokenzzi,outras,0,0,0,0,0,0.0,🔴 vazio,⚪ N/A,🔴 VAZIA,RE-SCRAPE (marca ausente)
lola-from-rio,Lola From Rio,nacional,0,0,0,0,0,0.0,🔴 vazio,⚪ N/A,🔴 VAZIA,RE-SCRAPE (marca ausente)
looren,LOÓREN,outras,0,0,0,0,0,0.0,🔴 vazio,⚪ N/A,🔴 VAZIA,RE-SCRAPE (marca ausente)
loreal-professionel,Loreal Professionel,outras,0,0,0,0,0,0.0,🔴 vazio,⚪ N/A,🔴 VAZIA,RE-SCRAPE (marca ausente)
lowell,Lowell,outras,0,0,0,0,0,0.0,🔴 vazio,⚪ N/A,🔴 VAZIA,RE-SCRAPE (marca ausente)
lucido-l,Lucido-L,outras,0,0,0,0,0,0.0,🔴 vazio,⚪ N/A,🔴 VAZIA,RE-SCRAPE (marca ausente)
lucky-trendy,Lucky Trendy,outras,0,0,0,0,0,0.0,🔴 vazio,⚪ N/A,🔴 VAZIA,RE-SCRAPE (marca ausente)
luminositta-professional,Luminosittà Professional,outras,0,0,0,0,0,0.0,🔴 vazio,⚪ N/A,🔴 VAZIA,RE-SCRAPE (marca ausente)
lunna-shop,Lunna Shop,outras,0,0,0,0,0,0.0,🔴 vazio,⚪ N/A,🔴 VAZIA,RE-SCRAPE (marca ausente)
m-lore-cosmetics,M.lore Cosmetics,outras,0,0,0,0,0,0.0,🔴 vazio,⚪ N/A,🔴 VAZIA,RE-SCRAPE (marca ausente)
mab-marco-antonio-de-biaggi,MAB Marco Antônio de Biaggi,outras,0,0,0,0,0,0.0,🔴 vazio,⚪ N/A,🔴 VAZIA,RE-SCRAPE (marca ausente)
macadamia-natural-oil,Macadamia Natural Oil,outras,0,0,0,0,0,0.0,🔴 vazio,⚪ N/A,🔴 VAZIA,RE-SCRAPE (marca ausente)
macpaul-professional,Macpaul Professional,outras,0,0,0,0,0,0.0,🔴 vazio,⚪ N/A,🔴 VAZIA,RE-SCRAPE (marca ausente)
madamelis-profissional,Madamelis Profissional,outras,0,0,0,0,0,0.0,🔴 vazio,⚪ N/A,🔴 VAZIA,RE-SCRAPE (marca ausente)
magic-beauty,Magic Beauty,outras,0,0,0,0,0,0.0,🔴 vazio,⚪ N/A,🔴 VAZIA,RE-SCRAPE (marca ausente)
magic-color,Magic Color,outras,0,0,0,0,0,0.0,🔴 vazio,⚪ N/A,🔴 VAZIA,RE-SCRAPE (marca ausente)
magic-science,Magic Science,outras,0,0,0,0,0,0.0,🔴 vazio,⚪ N/A,🔴 VAZIA,RE-SCRAPE (marca ausente)
mairibel,Mairibel,outras,0,0,0,0,0,0.0,🔴 vazio,⚪ N/A,🔴 VAZIA,RE-SCRAPE (marca ausente)
mantecorp,Mantecorp,nacional,0,0,0,0,0,0.0,🔴 vazio,⚪ N/A,🔴 VAZIA,RE-SCRAPE (marca ausente)
marco-boni,Marco Boni,outras,0,0,0,0,0,0.0,🔴 vazio,⚪ N/A,🔴 VAZIA,RE-SCRAPE (marca ausente)
mari-morena,Mari Morena,outras,0,0,0,0,0,0.0,🔴 vazio,⚪ N/A,🔴 VAZIA,RE-SCRAPE (marca ausente)
maria-escandalosa,Maria Escandalosa,outras,0,0,0,0,0,0.0,🔴 vazio,⚪ N/A,🔴 VAZIA,RE-SCRAPE (marca ausente)
maria-head-hair-spa,Mariá Head & Hair Spa,outras,0,0,0,0,0,0.0,🔴 vazio,⚪ N/A,🔴 VAZIA,RE-SCRAPE (marca ausente)
mario-badescu,Mario Badescu,outras,0,0,0,0,0,0.0,🔴 vazio,⚪ N/A,🔴 VAZIA,RE-SCRAPE (marca ausente)
martiderm,MartiDerm,outras,0,0,0,0,0,0.0,🔴 vazio,⚪ N/A,🔴 VAZIA,RE-SCRAPE (marca ausente)
mary-life,Mary Life,outras,0,0,0,0,0,0.0,🔴 vazio,⚪ N/A,🔴 VAZIA,RE-SCRAPE (marca ausente)
masil,Masil,outras,0,0,0,0,0,0.0,🔴 vazio,⚪ N/A,🔴 VAZIA,RE-SCRAPE (marca ausente)
match,Match.,outras,0,0,0,0,0,0.0,🔴 vazio,⚪ N/A,🔴 VAZIA,RE-SCRAPE (marca ausente)
matrix,Matrix,internacional,0,0,0,0,0,0.0,🔴 vazio,⚪ N/A,🔴 VAZIA,RE-SCRAPE (marca ausente)
maui-moisture,Maui Moisture,outras,0,0,0,0,0,0.0,🔴 vazio,⚪ N/A,🔴 VAZIA,RE-SCRAPE (marca ausente)
maxilluring,Maxilluring,outras,0,0,0,0,0,0.0,🔴 vazio,⚪ N/A,🔴 VAZIA,RE-SCRAPE (marca ausente)
maxton,Maxton,outras,0,0,0,0,0,0.0,🔴 vazio,⚪ N/A,🔴 VAZIA,RE-SCRAPE (marca ausente)
maycrene,Maycrene,outras,0,0,0,0,0,0.0,🔴 vazio,⚪ N/A,🔴 VAZIA,RE-SCRAPE (marca ausente)
medicasp,Medicasp,outras,0,0,0,0,0,0.0,🔴 vazio,⚪ N/A,🔴 VAZIA,RE-SCRAPE (marca ausente)
mega-profissional,Mega Profissional,outras,0,0,0,0,0,0.0,🔴 vazio,⚪ N/A,🔴 VAZIA,RE-SCRAPE (marca ausente)
meidu,Meidu,outras,0,0,0,0,0,0.0,🔴 vazio,⚪ N/A,🔴 VAZIA,RE-SCRAPE (marca ausente)
mel-black,Mel Black,outras,0,0,0,0,0,0.0,🔴 vazio,⚪ N/A,🔴 VAZIA,RE-SCRAPE (marca ausente)
melvita,Melvita,outras,0,0,0,0,0,0.0,🔴 vazio,⚪ N/A,🔴 VAZIA,RE-SCRAPE (marca ausente)
meraki,Meráki,outras,0,0,0,0,0,0.0,🔴 vazio,⚪ N/A,🔴 VAZIA,RE-SCRAPE (marca ausente)
meu-q,Meu Q,outras,0,0,0,0,0,0.0,🔴 vazio,⚪ N/A,🔴 VAZIA,RE-SCRAPE (marca ausente)
midori-profissional,Midori Profissional,outras,0,0,0,0,0,0.0,🔴 vazio,⚪ N/A,🔴 VAZIA,RE-SCRAPE (marca ausente)
milbon,Milbon,outras,0,0,0,0,0,0.0,🔴 vazio,⚪ N/A,🔴 VAZIA,RE-SCRAPE (marca ausente)
milk-shake,milk_shake,internacional,0,0,0,0,0,0.0,🔴 vazio,⚪ N/A,🔴 VAZIA,RE-SCRAPE (marca ausente)
mirum-kosmetikos,Mirum Kosmétikos,outras,0,0,0,0,0,0.0,🔴 vazio,⚪ N/A,🔴 VAZIA,RE-SCRAPE (marca ausente)
mise-en-scene,Mise en Scène,outras,0,0,0,0,0,0.0,🔴 vazio,⚪ N/A,🔴 VAZIA,RE-SCRAPE (marca ausente)
mixim-potion,Mixim Potion,outras,0,0,0,0,0,0.0,🔴 vazio,⚪ N/A,🔴 VAZIA,RE-SCRAPE (marca ausente)
moist-diane,Moist Diane,outras,0,0,0,0,0,0.0,🔴 vazio,⚪ N/A,🔴 VAZIA,RE-SCRAPE (marca ausente)
mojo,Mojo,outras,0,0,0,0,0,0.0,🔴 vazio,⚪ N/A,🔴 VAZIA,RE-SCRAPE (marca ausente)
molton-brown,Molton Brown,outras,0,0,0,0,0,0.0,🔴 vazio,⚪ N/A,🔴 VAZIA,RE-SCRAPE (marca ausente)
monohair-professional,Monohair Professional,outras,0,0,0,0,0,0.0,🔴 vazio,⚪ N/A,🔴 VAZIA,RE-SCRAPE (marca ausente)
moroccanoil,Moroccanoil,internacional,0,0,0,0,0,0.0,🔴 vazio,⚪ N/A,🔴 VAZIA,RE-SCRAPE (marca ausente)
mq-beauty,MQ Beauty,outras,0,0,0,0,0,0.0,🔴 vazio,⚪ N/A,🔴 VAZIA,RE-SCRAPE (marca ausente)
mq-professional,MQ Professional,outras,0,0,0,0,0,0.0,🔴 vazio,⚪ N/A,🔴 VAZIA,RE-SCRAPE (marca ausente)
msa-cosmeticos,Msa Cosmeticos,outras,0,0,0,0,0,0.0,🔴 vazio,⚪ N/A,🔴 VAZIA,RE-SCRAPE (marca ausente)
mutari,Mutari,outras,0,0,0,0,0,0.0,🔴 vazio,⚪ N/A,🔴 VAZIA,RE-SCRAPE (marca ausente)
myhealth,MyHealth,outras,0,0,0,0,0,0.0,🔴 vazio,⚪ N/A,🔴 VAZIA,RE-SCRAPE (marca ausente)
naelly-st-professional,Naelly ST Professional,outras,0,0,0,0,0,0.0,🔴 vazio,⚪ N/A,🔴 VAZIA,RE-SCRAPE (marca ausente)
nando-vasconcelos,Nando Vasconcelos,outras,0,0,0,0,0,0.0,🔴 vazio,⚪ N/A,🔴 VAZIA,RE-SCRAPE (marca ausente)
nathydras,NATHYDRAS,outras,0,0,0,0,0,0.0,🔴 vazio,⚪ N/A,🔴 VAZIA,RE-SCRAPE (marca ausente)
natucor,Natucor,outras,0,0,0,0,0,0.0,🔴 vazio,⚪ N/A,🔴 VAZIA,RE-SCRAPE (marca ausente)
natumaxx,NatuMaxx,outras,0,0,0,0,0,0.0,🔴 vazio,⚪ N/A,🔴 VAZIA,RE-SCRAPE (marca ausente)
natural-beauty,Natural Beauty,outras,0,0,0,0,0,0.0,🔴 vazio,⚪ N/A,🔴 VAZIA,RE-SCRAPE (marca ausente)
naturiun,Naturiun,outras,0,0,0,0,0,0.0,🔴 vazio,⚪ N/A,🔴 VAZIA,RE-SCRAPE (marca ausente)
natury-s,Natury's,outras,0,0,0,0,0,0.0,🔴 vazio,⚪ N/A,🔴 VAZIA,RE-SCRAPE (marca ausente)
neez,Neez,outras,0,0,0,0,0,0.0,🔴 vazio,⚪ N/A,🔴 VAZIA,RE-SCRAPE (marca ausente)
neuma,Neuma,outras,0,0,0,0,0,0.0,🔴 vazio,⚪ N/A,🔴 VAZIA,RE-SCRAPE (marca ausente)
nick-vick,Nick & Vick,outras,0,0,0,0,0,0.0,🔴 vazio,⚪ N/A,🔴 VAZIA,RE-SCRAPE (marca ausente)
niely,Niely,outras,0,0,0,0,0,0.0,🔴 vazio,⚪ N/A,🔴 VAZIA,RE-SCRAPE (marca ausente)
nioxin,Nioxin,outras,0,0,0,0,0,0.0,🔴 vazio,⚪ N/A,🔴 VAZIA,RE-SCRAPE (marca ausente)
nivodare-professional,Nivodare Professional,outras,0,0,0,0,0,0.0,🔴 vazio,⚪ N/A,🔴 VAZIA,RE-SCRAPE (marca ausente)
noodle-boo,Noodle & Boo,outras,0,0,0,0,0,0.0,🔴 vazio,⚪ N/A,🔴 VAZIA,RE-SCRAPE (marca ausente)
not-your-mother-s,Not Your Mother's,outras,0,0,0,0,0,0.0,🔴 vazio,⚪ N/A,🔴 VAZIA,RE-SCRAPE (marca ausente)
noue,Nouê,nacional,0,0,0,0,0,0.0,🔴 vazio,⚪ N/A,🔴 VAZIA,RE-SCRAPE (marca ausente)
novex,Novex,nacional,0,0,0,0,0,0.0,🔴 vazio,⚪ N/A,🔴 VAZIA,RE-SCRAPE (marca ausente)
nuance-professional,Nuance Professional,outras,0,0,0,0,0,0.0,🔴 vazio,⚪ N/A,🔴 VAZIA,RE-SCRAPE (marca ausente)
nuno-cosmeticos-naturais,Nuno Cosméticos Naturais,outras,0,0,0,0,0,0.0,🔴 vazio,⚪ N/A,🔴 VAZIA,RE-SCRAPE (marca ausente)
nupill,Nupill,outras,0,0,0,0,0,0.0,🔴 vazio,⚪ N/A,🔴 VAZIA,RE-SCRAPE (marca ausente)
nutrat,Nutrat,outras,0,0,0,0,0,0.0,🔴 vazio,⚪ N/A,🔴 VAZIA,RE-SCRAPE (marca ausente)
nyaliss-beauty,Nyaliss Beauty,outras,0,0,0,0,0,0.0,🔴 vazio,⚪ N/A,🔴 VAZIA,RE-SCRAPE (marca ausente)
nyata-cosmeticos,Nyata Cosméticos,outras,0,0,0,0,0,0.0,🔴 vazio,⚪ N/A,🔴 VAZIA,RE-SCRAPE (marca ausente)
o-lobo-do-mar,O Lobo do Mar,outras,0,0,0,0,0,0.0,🔴 vazio,⚪ N/A,🔴 VAZIA,RE-SCRAPE (marca ausente)
obliphica-cosmeticos,Obliphica Cosméticos,outras,0,0,0,0,0,0.0,🔴 vazio,⚪ N/A,🔴 VAZIA,RE-SCRAPE (marca ausente)
oe-nani,Oe Nani,nacional,0,0,0,0,0,0.0,🔴 vazio,⚪ N/A,🔴 VAZIA,RE-SCRAPE (marca ausente)
oeje-brazil,Oeje Brazil,outras,0,0,0,0,0,0.0,🔴 vazio,⚪ N/A,🔴 VAZIA,RE-SCRAPE (marca ausente)
ogx-organix,OGX (Organix),outras,0,0,0,0,0,0.0,🔴 vazio,⚪ N/A,🔴 VAZIA,RE-SCRAPE (marca ausente)
olaplex,Olaplex,internacional,0,0,0,0,0,0.0,🔴 vazio,⚪ N/A,🔴 VAZIA,RE-SCRAPE (marca ausente)
oncosmetic,Oncosmetic,outras,0,0,0,0,0,0.0,🔴 vazio,⚪ N/A,🔴 VAZIA,RE-SCRAPE (marca ausente)
onixx-brasil,Onixx Brasil,outras,0,0,0,0,0,0.0,🔴 vazio,⚪ N/A,🔴 VAZIA,RE-SCRAPE (marca ausente)
oribe,Oribe,outras,0,0,0,0,0,0.0,🔴 vazio,⚪ N/A,🔴 VAZIA,RE-SCRAPE (marca ausente)
original-sprout,Original Sprout,outras,0,0,0,0,0,0.0,🔴 vazio,⚪ N/A,🔴 VAZIA,RE-SCRAPE (marca ausente)
orofluido,Orofluido,outras,0,0,0,0,0,0.0,🔴 vazio,⚪ N/A,🔴 VAZIA,RE-SCRAPE (marca ausente)
ouidad,Ouidad,internacional,0,0,0,0,0,0.0,🔴 vazio,⚪ N/A,🔴 VAZIA,RE-SCRAPE (marca ausente)
ouribel-cosmeticos,Ouribel Cosméticos,outras,0,0,0,0,0,0.0,🔴 vazio,⚪ N/A,🔴 VAZIA,RE-SCRAPE (marca ausente)
oway,Oway,outras,0,0,0,0,0,0.0,🔴 vazio,⚪ N/A,🔴 VAZIA,RE-SCRAPE (marca ausente)
oxe-cosmetics,Oxê Cosmetics,outras,0,0,0,0,0,0.0,🔴 vazio,⚪ N/A,🔴 VAZIA,RE-SCRAPE (marca ausente)
p-lattelli-profissional,P'lattélli Profissional,outras,0,0,0,0,0,0.0,🔴 vazio,⚪ N/A,🔴 VAZIA,RE-SCRAPE (marca ausente)
palmers,Palmer’s,outras,0,0,0,0,0,0.0,🔴 vazio,⚪ N/A,🔴 VAZIA,RE-SCRAPE (marca ausente)
palmolive,Palmolive,outras,0,0,0,0,0,0.0,🔴 vazio,⚪ N/A,🔴 VAZIA,RE-SCRAPE (marca ausente)
papel-para-mechas,Papel para Mechas,outras,0,0,0,0,0,0.0,🔴 vazio,⚪ N/A,🔴 VAZIA,RE-SCRAPE (marca ausente)
paresi-nature,Paresí Nature,outras,0,0,0,0,0,0.0,🔴 vazio,⚪ N/A,🔴 VAZIA,RE-SCRAPE (marca ausente)
patrono,Patrono,outras,0,0,0,0,0,0.0,🔴 vazio,⚪ N/A,🔴 VAZIA,RE-SCRAPE (marca ausente)
paul-mitchell,Paul Mitchell,internacional,0,0,0,0,0,0.0,🔴 vazio,⚪ N/A,🔴 VAZIA,RE-SCRAPE (marca ausente)
payot,Payot,outras,0,0,0,0,0,0.0,🔴 vazio,⚪ N/A,🔴 VAZIA,RE-SCRAPE (marca ausente)
pelo-baum,Pelo Baum,outras,0,0,0,0,0,0.0,🔴 vazio,⚪ N/A,🔴 VAZIA,RE-SCRAPE (marca ausente)
peter-thomas-roth,Peter Thomas Roth,outras,0,0,0,0,0,0.0,🔴 vazio,⚪ N/A,🔴 VAZIA,RE-SCRAPE (marca ausente)
petre-cosmetics,Pétre Cosmetics,outras,0,0,0,0,0,0.0,🔴 vazio,⚪ N/A,🔴 VAZIA,RE-SCRAPE (marca ausente)
phamda-professional,pHAMDÁ Professional,outras,0,0,0,0,0,0.0,🔴 vazio,⚪ N/A,🔴 VAZIA,RE-SCRAPE (marca ausente)
pharma,Pharma,outras,0,0,0,0,0,0.0,🔴 vazio,⚪ N/A,🔴 VAZIA,RE-SCRAPE (marca ausente)
pharmacy-botanicals,Pharmacy Botanicals,outras,0,0,0,0,0,0.0,🔴 vazio,⚪ N/A,🔴 VAZIA,RE-SCRAPE (marca ausente)
philip-b,Philip B,outras,0,0,0,0,0,0.0,🔴 vazio,⚪ N/A,🔴 VAZIA,RE-SCRAPE (marca ausente)
philip-kingsley,Philip Kingsley,outras,0,0,0,0,0,0.0,🔴 vazio,⚪ N/A,🔴 VAZIA,RE-SCRAPE (marca ausente)
philips-walita,Philips Walita,outras,0,0,0,0,0,0.0,🔴 vazio,⚪ N/A,🔴 VAZIA,RE-SCRAPE (marca ausente)
phk-professional-hair,PHK Professional Hair,outras,0,0,0,0,0,0.0,🔴 vazio,⚪ N/A,🔴 VAZIA,RE-SCRAPE (marca ausente)
physalis,Physalis,outras,0,0,0,0,0,0.0,🔴 vazio,⚪ N/A,🔴 VAZIA,RE-SCRAPE (marca ausente)
phyto,Phyto,outras,0,0,0,0,0,0.0,🔴 vazio,⚪ N/A,🔴 VAZIA,RE-SCRAPE (marca ausente)
phytoca,Phytoca,outras,0,0,0,0,0,0.0,🔴 vazio,⚪ N/A,🔴 VAZIA,RE-SCRAPE (marca ausente)
phytoervas,Phytoervas,outras,0,0,0,0,0,0.0,🔴 vazio,⚪ N/A,🔴 VAZIA,RE-SCRAPE (marca ausente)
phytogen,Phytogen,outras,0,0,0,0,0,0.0,🔴 vazio,⚪ N/A,🔴 VAZIA,RE-SCRAPE (marca ausente)
phytomer,Phytomer,outras,0,0,0,0,0,0.0,🔴 vazio,⚪ N/A,🔴 VAZIA,RE-SCRAPE (marca ausente)
plancton,Plancton,nacional,0,0,0,0,0,0.0,🔴 vazio,⚪ N/A,🔴 VAZIA,RE-SCRAPE (marca ausente)
pola,POLA,outras,0,0,0,0,0,0.0,🔴 vazio,⚪ N/A,🔴 VAZIA,RE-SCRAPE (marca ausente)
portier,Portier,outras,0,0,0,0,0,0.0,🔴 vazio,⚪ N/A,🔴 VAZIA,RE-SCRAPE (marca ausente)
pravana,Pravana,outras,0,0,0,0,0,0.0,🔴 vazio,⚪ N/A,🔴 VAZIA,RE-SCRAPE (marca ausente)
premier-hair,Premier Hair,outras,0,0,0,0,0,0.0,🔴 vazio,⚪ N/A,🔴 VAZIA,RE-SCRAPE (marca ausente)
principia,Principia,outras,0,0,0,0,0,0.0,🔴 vazio,⚪ N/A,🔴 VAZIA,RE-SCRAPE (marca ausente)
pro-cachos,Pro Cachos,outras,0,0,0,0,0,0.0,🔴 vazio,⚪ N/A,🔴 VAZIA,RE-SCRAPE (marca ausente)
proart,ProArt,outras,0,0,0,0,0,0.0,🔴 vazio,⚪ N/A,🔴 VAZIA,RE-SCRAPE (marca ausente)
prohair-cosmeticos-profissionais,Prohair Cosméticos Profissionais,outras,0,0,0,0,0,0.0,🔴 vazio,⚪ N/A,🔴 VAZIA,RE-SCRAPE (marca ausente)
prohall-cosmetic,Prohall Cosmetic,outras,0,0,0,0,0,0.0,🔴 vazio,⚪ N/A,🔴 VAZIA,RE-SCRAPE (marca ausente)
pureology,Pureology,outras,0,0,0,0,0,0.0,🔴 vazio,⚪ N/A,🔴 VAZIA,RE-SCRAPE (marca ausente)
quantic-flora,Quantic Flora,outras,0,0,0,0,0,0.0,🔴 vazio,⚪ N/A,🔴 VAZIA,RE-SCRAPE (marca ausente)
r-co,R+Co,outras,0,0,0,0,0,0.0,🔴 vazio,⚪ N/A,🔴 VAZIA,RE-SCRAPE (marca ausente)
raavi,Raavi,outras,0,0,0,0,0,0.0,🔴 vazio,⚪ N/A,🔴 VAZIA,RE-SCRAPE (marca ausente)
raiz-latina,Raiz Latina,outras,0,0,0,0,0,0.0,🔴 vazio,⚪ N/A,🔴 VAZIA,RE-SCRAPE (marca ausente)
rare-way-cosmeticos,Rare Way Cosméticos,outras,0,0,0,0,0,0.0,🔴 vazio,⚪ N/A,🔴 VAZIA,RE-SCRAPE (marca ausente)
rauk,Rauk,outras,0,0,0,0,0,0.0,🔴 vazio,⚪ N/A,🔴 VAZIA,RE-SCRAPE (marca ausente)
ravv,RAVV,outras,0,0,0,0,0,0.0,🔴 vazio,⚪ N/A,🔴 VAZIA,RE-SCRAPE (marca ausente)
rebeel-professional,Rebeel Professional,outras,0,0,0,0,0,0.0,🔴 vazio,⚪ N/A,🔴 VAZIA,RE-SCRAPE (marca ausente)
regenepure,Regenepure,outras,0,0,0,0,0,0.0,🔴 vazio,⚪ N/A,🔴 VAZIA,RE-SCRAPE (marca ausente)
rene-furterer,René Furterer,outras,0,0,0,0,0,0.0,🔴 vazio,⚪ N/A,🔴 VAZIA,RE-SCRAPE (marca ausente)
reuzel,Reuzel,outras,0,0,0,0,0,0.0,🔴 vazio,⚪ N/A,🔴 VAZIA,RE-SCRAPE (marca ausente)
revitalash,RevitaLash,outras,0,0,0,0,0,0.0,🔴 vazio,⚪ N/A,🔴 VAZIA,RE-SCRAPE (marca ausente)
revlon-professional,Revlon Professional,outras,0,0,0,0,0,0.0,🔴 vazio,⚪ N/A,🔴 VAZIA,RE-SCRAPE (marca ausente)
rg-professional,RG Professional,outras,0,0,0,0,0,0.0,🔴 vazio,⚪ N/A,🔴 VAZIA,RE-SCRAPE (marca ausente)
richee-professional,Richée Professional,outras,0,0,0,0,0,0.0,🔴 vazio,⚪ N/A,🔴 VAZIA,RE-SCRAPE (marca ausente)
rie-salon-pro,Riè Salon-Pro,outras,0,0,0,0,0,0.0,🔴 vazio,⚪ N/A,🔴 VAZIA,RE-SCRAPE (marca ausente)
rienza,Rienza,outras,0,0,0,0,0,0.0,🔴 vazio,⚪ N/A,🔴 VAZIA,RE-SCRAPE (marca ausente)
risa-professional,Risa Professional,outras,0,0,0,0,0,0.0,🔴 vazio,⚪ N/A,🔴 VAZIA,RE-SCRAPE (marca ausente)
rita-hazan,Rita Hazan,outras,0,0,0,0,0,0.0,🔴 vazio,⚪ N/A,🔴 VAZIA,RE-SCRAPE (marca ausente)
rivenna-professional,Rivenna Professional,outras,0,0,0,0,0,0.0,🔴 vazio,⚪ N/A,🔴 VAZIA,RE-SCRAPE (marca ausente)
robson-peluquero,Robson Peluquero,outras,0,0,0,0,0,0.0,🔴 vazio,⚪ N/A,🔴 VAZIA,RE-SCRAPE (marca ausente)
roger,Roger,outras,0,0,0,0,0,0.0,🔴 vazio,⚪ N/A,🔴 VAZIA,RE-SCRAPE (marca ausente)
ros,Ros,outras,0,0,0,0,0,0.0,🔴 vazio,⚪ N/A,🔴 VAZIA,RE-SCRAPE (marca ausente)
rosa-amazonica,Rosa Amazônica,outras,0,0,0,0,0,0.0,🔴 vazio,⚪ N/A,🔴 VAZIA,RE-SCRAPE (marca ausente)
rossano-ferretti-parma,Rossano Ferretti Parma,outras,0,0,0,0,0,0.0,🔴 vazio,⚪ N/A,🔴 VAZIA,RE-SCRAPE (marca ausente)
roswell-club,Roswell Club,outras,0,0,0,0,0,0.0,🔴 vazio,⚪ N/A,🔴 VAZIA,RE-SCRAPE (marca ausente)
route-66,Route 66,outras,0,0,0,0,0,0.0,🔴 vazio,⚪ N/A,🔴 VAZIA,RE-SCRAPE (marca ausente)
royal-d,Royal.d,outras,0,0,0,0,0,0.0,🔴 vazio,⚪ N/A,🔴 VAZIA,RE-SCRAPE (marca ausente)
royal-professional,Royal Professional,outras,0,0,0,0,0,0.0,🔴 vazio,⚪ N/A,🔴 VAZIA,RE-SCRAPE (marca ausente)
roza-raiz-cosmeticos,Roza Raiz Cosméticos,outras,0,0,0,0,0,0.0,🔴 vazio,⚪ N/A,🔴 VAZIA,RE-SCRAPE (marca ausente)
rubelita-professional,Rubelita Professional,outras,0,0,0,0,0,0.0,🔴 vazio,⚪ N/A,🔴 VAZIA,RE-SCRAPE (marca ausente)
ruggero-cosmeticos,Ruggero Cosméticos,outras,0,0,0,0,0,0.0,🔴 vazio,⚪ N/A,🔴 VAZIA,RE-SCRAPE (marca ausente)
rusk,Rusk,internacional,0,0,0,0,0,0.0,🔴 vazio,⚪ N/A,🔴 VAZIA,RE-SCRAPE (marca ausente)
s-o-s-beleza-brasileira,S.O.S Beleza Brasileira,outras,0,0,0,0,0,0.0,🔴 vazio,⚪ N/A,🔴 VAZIA,RE-SCRAPE (marca ausente)
sachajuan,Sachajuan,outras,0,0,0,0,0,0.0,🔴 vazio,⚪ N/A,🔴 VAZIA,RE-SCRAPE (marca ausente)
salles-profissional,Salles Profissional,outras,0,0,0,0,0,0.0,🔴 vazio,⚪ N/A,🔴 VAZIA,RE-SCRAPE (marca ausente)
sallore,Sallore,outras,0,0,0,0,0,0.0,🔴 vazio,⚪ N/A,🔴 VAZIA,RE-SCRAPE (marca ausente)
salvatore-cosmeticos-hair-pro,Salvatore Cosméticos - Hair Pro,outras,0,0,0,0,0,0.0,🔴 vazio,⚪ N/A,🔴 VAZIA,RE-SCRAPE (marca ausente)
sanliss-profissional,Sanliss Profissional,outras,0,0,0,0,0,0.0,🔴 vazio,⚪ N/A,🔴 VAZIA,RE-SCRAPE (marca ausente)
schwarzkopf-professional,Schwarzkopf Professional,outras,0,0,0,0,0,0.0,🔴 vazio,⚪ N/A,🔴 VAZIA,RE-SCRAPE (marca ausente)
sebastian-professional,Sebastian Professional,outras,0,0,0,0,0,0.0,🔴 vazio,⚪ N/A,🔴 VAZIA,RE-SCRAPE (marca ausente)
seed-phytonutrients,Seed Phytonutrients,outras,0,0,0,0,0,0.0,🔴 vazio,⚪ N/A,🔴 VAZIA,RE-SCRAPE (marca ausente)
segredo-dela,Segredo Dela,outras,0,0,0,0,0,0.0,🔴 vazio,⚪ N/A,🔴 VAZIA,RE-SCRAPE (marca ausente)
senapack,Senapack,outras,0,0,0,0,0,0.0,🔴 vazio,⚪ N/A,🔴 VAZIA,RE-SCRAPE (marca ausente)
sexy-hair-concepts,Sexy Hair Concepts,outras,0,0,0,0,0,0.0,🔴 vazio,⚪ N/A,🔴 VAZIA,RE-SCRAPE (marca ausente)
sheamoisture,SheaMoisture,outras,0,0,0,0,0,0.0,🔴 vazio,⚪ N/A,🔴 VAZIA,RE-SCRAPE (marca ausente)
shine-blue,Shine Blue,outras,0,0,0,0,0,0.0,🔴 vazio,⚪ N/A,🔴 VAZIA,RE-SCRAPE (marca ausente)
shiseido,Shiseido,outras,0,0,0,0,0,0.0,🔴 vazio,⚪ N/A,🔴 VAZIA,RE-SCRAPE (marca ausente)
sillage,Sillage,outras,0,0,0,0,0,0.0,🔴 vazio,⚪ N/A,🔴 VAZIA,RE-SCRAPE (marca ausente)
simbioze-amazonica,Simbioze Amazônica,outras,0,0,0,0,0,0.0,🔴 vazio,⚪ N/A,🔴 VAZIA,RE-SCRAPE (marca ausente)
simple-b,Simple B,outras,0,0,0,0,0,0.0,🔴 vazio,⚪ N/A,🔴 VAZIA,RE-SCRAPE (marca ausente)
sisley,Sisley,outras,0,0,0,0,0,0.0,🔴 vazio,⚪ N/A,🔴 VAZIA,RE-SCRAPE (marca ausente)
skala,Skala,outras,0,0,0,0,0,0.0,🔴 vazio,⚪ N/A,🔴 VAZIA,RE-SCRAPE (marca ausente)
slide-cosmeticos,Slide Cosméticos,outras,0,0,0,0,0,0.0,🔴 vazio,⚪ N/A,🔴 VAZIA,RE-SCRAPE (marca ausente)
sobelle,Sobelle,outras,0,0,0,0,0,0.0,🔴 vazio,⚪ N/A,🔴 VAZIA,RE-SCRAPE (marca ausente)
sobrebarba,Sobrebarba,outras,0,0,0,0,0,0.0,🔴 vazio,⚪ N/A,🔴 VAZIA,RE-SCRAPE (marca ausente)
soft-color,Soft Color,outras,0,0,0,0,0,0.0,🔴 vazio,⚪ N/A,🔴 VAZIA,RE-SCRAPE (marca ausente)
soft-hair,Soft Hair,outras,0,0,0,0,0,0.0,🔴 vazio,⚪ N/A,🔴 VAZIA,RE-SCRAPE (marca ausente)
sollido,Sóllido,outras,0,0,0,0,0,0.0,🔴 vazio,⚪ N/A,🔴 VAZIA,RE-SCRAPE (marca ausente)
sorali-cosmetics,Sorali Cosmetics,outras,0,0,0,0,0,0.0,🔴 vazio,⚪ N/A,🔴 VAZIA,RE-SCRAPE (marca ausente)
soul-care,Soul Care,outras,0,0,0,0,0,0.0,🔴 vazio,⚪ N/A,🔴 VAZIA,RE-SCRAPE (marca ausente)
soul-power,Soul Power,outras,0,0,0,0,0,0.0,🔴 vazio,⚪ N/A,🔴 VAZIA,RE-SCRAPE (marca ausente)
soulta,Soulta,outras,0,0,0,0,0,0.0,🔴 vazio,⚪ N/A,🔴 VAZIA,RE-SCRAPE (marca ausente)
southliss-cosmeticos,SouthLiss Cosméticos,outras,0,0,0,0,0,0.0,🔴 vazio,⚪ N/A,🔴 VAZIA,RE-SCRAPE (marca ausente)
starlab,Starlab,outras,0,0,0,0,0,0.0,🔴 vazio,⚪ N/A,🔴 VAZIA,RE-SCRAPE (marca ausente)
stellar-beauty,Stellar Beauty,outras,0,0,0,0,0,0.0,🔴 vazio,⚪ N/A,🔴 VAZIA,RE-SCRAPE (marca ausente)
stephen-knoll,Stephen Knoll,outras,0,0,0,0,0,0.0,🔴 vazio,⚪ N/A,🔴 VAZIA,RE-SCRAPE (marca ausente)
stijl,Stijl,outras,0,0,0,0,0,0.0,🔴 vazio,⚪ N/A,🔴 VAZIA,RE-SCRAPE (marca ausente)
storia-maro,Storia Maro,outras,0,0,0,0,0,0.0,🔴 vazio,⚪ N/A,🔴 VAZIA,RE-SCRAPE (marca ausente)
strass,Strass,outras,0,0,0,0,0,0.0,🔴 vazio,⚪ N/A,🔴 VAZIA,RE-SCRAPE (marca ausente)
strong-barber,Strong Barber,outras,0,0,0,0,0,0.0,🔴 vazio,⚪ N/A,🔴 VAZIA,RE-SCRAPE (marca ausente)
stuff-anti-frizz,Stuff Anti Frizz,outras,0,0,0,0,0,0.0,🔴 vazio,⚪ N/A,🔴 VAZIA,RE-SCRAPE (marca ausente)
superbia,Supérbia,outras,0,0,0,0,0,0.0,🔴 vazio,⚪ N/A,🔴 VAZIA,RE-SCRAPE (marca ausente)
taiff,Taiff,outras,0,0,0,0,0,0.0,🔴 vazio,⚪ N/A,🔴 VAZIA,RE-SCRAPE (marca ausente)
tangle-teezer,Tangle Teezer,outras,0,0,0,0,0,0.0,🔴 vazio,⚪ N/A,🔴 VAZIA,RE-SCRAPE (marca ausente)
teimoso,Teimoso,outras,0,0,0,0,0,0.0,🔴 vazio,⚪ N/A,🔴 VAZIA,RE-SCRAPE (marca ausente)
terumy-acessorios,Terumy Acessórios,outras,0,0,0,0,0,0.0,🔴 vazio,⚪ N/A,🔴 VAZIA,RE-SCRAPE (marca ausente)
the-body-shop,The Body Shop,outras,0,0,0,0,0,0.0,🔴 vazio,⚪ N/A,🔴 VAZIA,RE-SCRAPE (marca ausente)
the-ordinary,The Ordinary,outras,0,0,0,0,0,0.0,🔴 vazio,⚪ N/A,🔴 VAZIA,RE-SCRAPE (marca ausente)
the-organic-pharmacy,The Organic Pharmacy,outras,0,0,0,0,0,0.0,🔴 vazio,⚪ N/A,🔴 VAZIA,RE-SCRAPE (marca ausente)
three,THREE,outras,0,0,0,0,0,0.0,🔴 vazio,⚪ N/A,🔴 VAZIA,RE-SCRAPE (marca ausente)
three-therapy,Three Therapy,outras,0,0,0,0,0,0.0,🔴 vazio,⚪ N/A,🔴 VAZIA,RE-SCRAPE (marca ausente)
tigi-bed-head-catwalk,TIGI Bed Head / Catwalk,outras,0,0,0,0,0,0.0,🔴 vazio,⚪ N/A,🔴 VAZIA,RE-SCRAPE (marca ausente)
tio-nacho,Tío Nacho,outras,0,0,0,0,0,0.0,🔴 vazio,⚪ N/A,🔴 VAZIA,RE-SCRAPE (marca ausente)
toplife-profissional,Toplife Profissional,outras,0,0,0,0,0,0.0,🔴 vazio,⚪ N/A,🔴 VAZIA,RE-SCRAPE (marca ausente)
total-lissy,Total Lissy,outras,0,0,0,0,0,0.0,🔴 vazio,⚪ N/A,🔴 VAZIA,RE-SCRAPE (marca ausente)
tra-la-la,Trá Lá Lá,outras,0,0,0,0,0,0.0,🔴 vazio,⚪ N/A,🔴 VAZIA,RE-SCRAPE (marca ausente)
tri-baum,Tri-Baum,outras,0,0,0,0,0,0.0,🔴 vazio,⚪ N/A,🔴 VAZIA,RE-SCRAPE (marca ausente)
tricomin-clinical,Tricomin Clinical,outras,0,0,0,0,0,0.0,🔴 vazio,⚪ N/A,🔴 VAZIA,RE-SCRAPE (marca ausente)
tridium-cosmeticos,Tridium Cosméticos,outras,0,0,0,0,0,0.0,🔴 vazio,⚪ N/A,🔴 VAZIA,RE-SCRAPE (marca ausente)
triskle,Triskle,outras,0,0,0,0,0,0.0,🔴 vazio,⚪ N/A,🔴 VAZIA,RE-SCRAPE (marca ausente)
troia-hair-cosmetics,Tróia Hair Cosmetics,outras,0,0,0,0,0,0.0,🔴 vazio,⚪ N/A,🔴 VAZIA,RE-SCRAPE (marca ausente)
truss,TRUSS,nacional,0,0,0,0,0,0.0,🔴 vazio,⚪ N/A,🔴 VAZIA,RE-SCRAPE (marca ausente)
tsubaki,Tsubaki,outras,0,0,0,0,0,0.0,🔴 vazio,⚪ N/A,🔴 VAZIA,RE-SCRAPE (marca ausente)
tyrrel,Tyrrel,outras,0,0,0,0,0,0.0,🔴 vazio,⚪ N/A,🔴 VAZIA,RE-SCRAPE (marca ausente)
tzaha-professional-hair-excelence,Tzaha Professional Hair Excelence,outras,0,0,0,0,0,0.0,🔴 vazio,⚪ N/A,🔴 VAZIA,RE-SCRAPE (marca ausente)
uhse,Uhse,outras,0,0,0,0,0,0.0,🔴 vazio,⚪ N/A,🔴 VAZIA,RE-SCRAPE (marca ausente)
ulumee,Ulumee,outras,0,0,0,0,0,0.0,🔴 vazio,⚪ N/A,🔴 VAZIA,RE-SCRAPE (marca ausente)
unilever,Unilever,outras,0,0,0,0,0,0.0,🔴 vazio,⚪ N/A,🔴 VAZIA,RE-SCRAPE (marca ausente)
unite,Unite,outras,0,0,0,0,0,0.0,🔴 vazio,⚪ N/A,🔴 VAZIA,RE-SCRAPE (marca ausente)
up2you,Up2You,outras,0,0,0,0,0,0.0,🔴 vazio,⚪ N/A,🔴 VAZIA,RE-SCRAPE (marca ausente)
uppercut-deluxe,Uppercut Deluxe,outras,0,0,0,0,0,0.0,🔴 vazio,⚪ N/A,🔴 VAZIA,RE-SCRAPE (marca ausente)
usk,USK,outras,0,0,0,0,0,0.0,🔴 vazio,⚪ N/A,🔴 VAZIA,RE-SCRAPE (marca ausente)
vancouver,Vancouver,outras,0,0,0,0,0,0.0,🔴 vazio,⚪ N/A,🔴 VAZIA,RE-SCRAPE (marca ausente)
ve-de-verdade,Vê de Verdade,outras,0,0,0,0,0,0.0,🔴 vazio,⚪ N/A,🔴 VAZIA,RE-SCRAPE (marca ausente)
vedis,Vedis,outras,0,0,0,0,0,0.0,🔴 vazio,⚪ N/A,🔴 VAZIA,RE-SCRAPE (marca ausente)
veinira,Veinira,outras,0,0,0,0,0,0.0,🔴 vazio,⚪ N/A,🔴 VAZIA,RE-SCRAPE (marca ausente)
venceslaufarma,Venceslaufarma,outras,0,0,0,0,0,0.0,🔴 vazio,⚪ N/A,🔴 VAZIA,RE-SCRAPE (marca ausente)
venille-professional,Venille Professional,outras,0,0,0,0,0,0.0,🔴 vazio,⚪ N/A,🔴 VAZIA,RE-SCRAPE (marca ausente)
verde-brasil-cosmeticos,Verde Brasil Cosméticos,outras,0,0,0,0,0,0.0,🔴 vazio,⚪ N/A,🔴 VAZIA,RE-SCRAPE (marca ausente)
verdena,Verdena,outras,0,0,0,0,0,0.0,🔴 vazio,⚪ N/A,🔴 VAZIA,RE-SCRAPE (marca ausente)
vertix,Vertix,outras,0,0,0,0,0,0.0,🔴 vazio,⚪ N/A,🔴 VAZIA,RE-SCRAPE (marca ausente)
via-aroma,Via Aroma,outras,0,0,0,0,0,0.0,🔴 vazio,⚪ N/A,🔴 VAZIA,RE-SCRAPE (marca ausente)
vichy,Vichy,outras,0,0,0,0,0,0.0,🔴 vazio,⚪ N/A,🔴 VAZIA,RE-SCRAPE (marca ausente)
vicka-care,Vicka Care,outras,0,0,0,0,0,0.0,🔴 vazio,⚪ N/A,🔴 VAZIA,RE-SCRAPE (marca ausente)
victoria-hair,Victoria Hair,outras,0,0,0,0,0,0.0,🔴 vazio,⚪ N/A,🔴 VAZIA,RE-SCRAPE (marca ausente)
victorine-profissional,Victorine Profissional,outras,0,0,0,0,0,0.0,🔴 vazio,⚪ N/A,🔴 VAZIA,RE-SCRAPE (marca ausente)
vira-cosmeticos,Virá Cosméticos,outras,0,0,0,0,0,0.0,🔴 vazio,⚪ N/A,🔴 VAZIA,RE-SCRAPE (marca ausente)
virtue,Virtue,outras,0,0,0,0,0,0.0,🔴 vazio,⚪ N/A,🔴 VAZIA,RE-SCRAPE (marca ausente)
vita-seiva,Vita Seiva,outras,0,0,0,0,0,0.0,🔴 vazio,⚪ N/A,🔴 VAZIA,RE-SCRAPE (marca ausente)
vitaderm,Vitaderm,outras,0,0,0,0,0,0.0,🔴 vazio,⚪ N/A,🔴 VAZIA,RE-SCRAPE (marca ausente)
vital-x-repair-professional,Vital X Repair Professional,outras,0,0,0,0,0,0.0,🔴 vazio,⚪ N/A,🔴 VAZIA,RE-SCRAPE (marca ausente)
vitalab,Vitalab,outras,0,0,0,0,0,0.0,🔴 vazio,⚪ N/A,🔴 VAZIA,RE-SCRAPE (marca ausente)
vizcaya,Vizcaya,outras,0,0,0,0,0,0.0,🔴 vazio,⚪ N/A,🔴 VAZIA,RE-SCRAPE (marca ausente)
vizeme-cosmeticos,Vizeme Cosméticos,outras,0,0,0,0,0,0.0,🔴 vazio,⚪ N/A,🔴 VAZIA,RE-SCRAPE (marca ausente)
voga,Voga,outras,0,0,0,0,0,0.0,🔴 vazio,⚪ N/A,🔴 VAZIA,RE-SCRAPE (marca ausente)
wella-professionals,Wella Professionals,nacional,0,0,0,0,0,0.0,🔴 vazio,⚪ N/A,🔴 VAZIA,RE-SCRAPE (marca ausente)
wellux-professional,Wellux Professional,outras,0,0,0,0,0,0.0,🔴 vazio,⚪ N/A,🔴 VAZIA,RE-SCRAPE (marca ausente)
wen,Wen,outras,0,0,0,0,0,0.0,🔴 vazio,⚪ N/A,🔴 VAZIA,RE-SCRAPE (marca ausente)
wess-professional,Wess Professional,outras,0,0,0,0,0,0.0,🔴 vazio,⚪ N/A,🔴 VAZIA,RE-SCRAPE (marca ausente)
wet-brush,Wet Brush,outras,0,0,0,0,0,0.0,🔴 vazio,⚪ N/A,🔴 VAZIA,RE-SCRAPE (marca ausente)
world-queen,World Queen,outras,0,0,0,0,0,0.0,🔴 vazio,⚪ N/A,🔴 VAZIA,RE-SCRAPE (marca ausente)
yabae,Yabae,outras,0,0,0,0,0,0.0,🔴 vazio,⚪ N/A,🔴 VAZIA,RE-SCRAPE (marca ausente)
yama,Yamá,outras,0,0,0,0,0,0.0,🔴 vazio,⚪ N/A,🔴 VAZIA,RE-SCRAPE (marca ausente)
yamy,Yamy!,outras,0,0,0,0,0,0.0,🔴 vazio,⚪ N/A,🔴 VAZIA,RE-SCRAPE (marca ausente)
yantra-cosmeticos,Yantra Cosmeticos,outras,0,0,0,0,0,0.0,🔴 vazio,⚪ N/A,🔴 VAZIA,RE-SCRAPE (marca ausente)
yasmin-beauty,Yasmin Beauty,outras,0,0,0,0,0,0.0,🔴 vazio,⚪ N/A,🔴 VAZIA,RE-SCRAPE (marca ausente)
ybera-paris,YBERA PARIS,outras,0,0,0,0,0,0.0,🔴 vazio,⚪ N/A,🔴 VAZIA,RE-SCRAPE (marca ausente)
yenzah,Yenzah,outras,0,0,0,0,0,0.0,🔴 vazio,⚪ N/A,🔴 VAZIA,RE-SCRAPE (marca ausente)
ykas,Ykas,outras,0,0,0,0,0,0.0,🔴 vazio,⚪ N/A,🔴 VAZIA,RE-SCRAPE (marca ausente)
you-man-grooming,You Man Grooming,outras,0,0,0,0,0,0.0,🔴 vazio,⚪ N/A,🔴 VAZIA,RE-SCRAPE (marca ausente)
ytrend,YTREND,outras,0,0,0,0,0,0.0,🔴 vazio,⚪ N/A,🔴 VAZIA,RE-SCRAPE (marca ausente)
zaila-professional,Zaila Professional,outras,0,0,0,0,0,0.0,🔴 vazio,⚪ N/A,🔴 VAZIA,RE-SCRAPE (marca ausente)
zap-cosmeticos,Zap Cosméticos,outras,0,0,0,0,0,0.0,🔴 vazio,⚪ N/A,🔴 VAZIA,RE-SCRAPE (marca ausente)
ziel-natural-cosmetics,Ziel Natural Cosmetics,outras,0,0,0,0,0,0.0,🔴 vazio,⚪ N/A,🔴 VAZIA,RE-SCRAPE (marca ausente)
zoca,Zoca,outras,0,0,0,0,0,0.0,🔴 vazio,⚪ N/A,🔴 VAZIA,RE-SCRAPE (marca ausente)
zuher-cosmeticos,Zuher Cosméticos,outras,0,0,0,0,0,0.0,🔴 vazio,⚪ N/A,🔴 VAZIA,RE-SCRAPE (marca ausente)
